ID_Registro,Centro_Costo,Unidades_Producidas,Costo_Materia_Prima,Costo_Mano_Obra,Costo_Indirecto,Horas_Maquina,Costo_Total,Costo_Unitario
COSTO00001,Producción A,152,3522.65,1249.28,1572.65,42.0,6344.58,41.74
COSTO00002,Producción A,485,3281.58,3862.83,312.65,28.0,7457.06,15.38
COSTO00003,Servicios Generales,910,2111.73,2089.12,1270.31,27.0,5471.16,6.01
COSTO00004,Producción B,320,1011.01,3282.17,286.36,26.0,4579.54,14.31
COSTO00005,Producción B,156,,2335.84,1078.1,6.0,6936.02,44.46
COSTO00006,Producción B,121,2841.38,460.63,1077.06,35.0,4379.07,36.19
COSTO00007,Producción A,750,3975.43,2642.66,258.42,15.0,6876.51,9.17
COSTO00008,Administración,70,2840.74,3820.19,937.17,32.0,7598.1,108.54
COSTO00009,Producción A,664,4334.82,2525.96,366.4,36.0,7227.18,10.88
COSTO00010,Administración,171,2983.58,3331.0,2039.76,9.0,8354.34,48.86
COSTO00011,Mantenimiento,516,,3571.56,2374.45,42.0,8970.23,17.38
COSTO00012,Producción A,264,4444.94,1143.9,273.56,14.0,5862.4,22.21
COSTO00013,Producción A,380,2315.67,1084.57,2392.28,44.0,5792.52,15.24
COSTO00014,Producción A,508,1103.07,2560.63,1354.18,28.0,5017.88,9.88
COSTO00015,Producción B,137,629.52,1820.81,818.96,39.0,3269.29,23.86
COSTO00016,Producción B,422,3898.12,3407.49,284.47,48.0,7590.08,17.99
COSTO00017,Administración,149,3291.39,3630.09,1301.5,27.0,8222.98,55.19
COSTO00018,Administración,921,3668.36,1607.66,2006.84,21.0,7282.86,7.91
COSTO00019,Producción A,713,1458.34,1176.42,1797.01,5.0,4431.77,6.22
COSTO00020,Administración,180,1113.67,3187.94,220.54,35.0,4522.15,25.12
COSTO00021,Producción B,711,565.45,1316.78,274.96,35.0,2157.19,3.03
COSTO00022,Administración,358,2077.64,3343.67,1066.9,46.0,6488.21,18.12
COSTO00023,Mantenimiento,819,3154.63,,808.7,,5831.16,7.12
COSTO00024,Producción B,393,2265.1,2769.93,657.72,38.0,5692.75,14.49
COSTO00025,Mantenimiento,541,2468.64,653.48,774.41,13.0,3896.53,7.2
COSTO00026,Administración,463,4568.71,2608.28,2028.36,26.0,9205.35,19.88
COSTO00027,Servicios Generales,855,2067.15,1971.54,2330.15,17.0,6368.84,7.45
COSTO00028,Producción A,435,2812.95,2470.45,1072.25,29.0,6355.65,14.61
COSTO00029,Producción B,241,4026.44,921.65,2274.67,22.0,7222.76,29.97
COSTO00030,Mantenimiento,326,2284.44,3026.43,871.59,16.0,6182.46,18.96
COSTO00031,Servicios Generales,210,3299.39,3492.35,1243.45,44.0,8035.19,38.26
COSTO00032,Servicios Generales,509,4380.64,,642.47,21.0,6125.05,12.03
COSTO00033,Producción B,363,4772.84,654.14,1637.14,19.0,7064.12,19.46
COSTO00034,Producción B,71,1161.83,387.46,2449.55,46.0,3998.84,56.32
COSTO00035,Servicios Generales,302,4669.64,2675.29,1548.38,19.0,8893.31,29.45
COSTO00036,Producción A,797,2714.52,2546.25,958.75,19.0,6219.52,7.8
COSTO00037,Producción A,906,1662.1,2322.78,1654.76,43.0,5639.64,6.22
COSTO00038,Mantenimiento,610,2566.11,1158.2,395.01,17.0,4119.32,6.75
COSTO00039,Producción A,524,4910.15,1746.35,2232.78,21.0,8889.28,16.96
COSTO00040,Servicios Generales,108,2716.78,2499.56,1307.4,36.0,6523.74,60.4
COSTO00041,Servicios Generales,560,1979.38,2138.04,1178.44,13.0,5295.86,9.46
COSTO00042,Administración,731,3350.3,3954.81,1506.08,44.0,8811.19,12.05
COSTO00043,Servicios Generales,525,1580.66,804.83,1599.48,24.0,3984.97,7.59
COSTO00044,Producción A,749,841.38,2872.03,272.26,30.0,3985.67,5.32
COSTO00045,Mantenimiento,832,1079.96,1795.98,1738.28,,4614.22,5.55
COSTO00046,Administración,239,1076.21,1884.34,680.64,25.0,3641.19,15.24
COSTO00047,Producción A,736,1183.56,2955.11,1813.49,22.0,5952.16,8.09
COSTO00048,Mantenimiento,612,1124.72,2862.01,2074.08,17.0,6060.81,9.9
COSTO00049,Producción A,925,,3967.65,2029.5,20.0,9381.09,10.14
COSTO00050,Administración,616,1318.46,775.06,1426.0,13.0,3519.52,5.71
COSTO00051,Servicios Generales,293,2055.5,685.21,1348.41,16.0,4089.12,13.96
COSTO00052,Administración,881,4535.55,2980.05,442.9,48.0,7958.5,9.03
COSTO00053,Servicios Generales,554,2632.83,2440.03,1960.83,42.0,7033.69,12.7
COSTO00054,Administración,180,3504.01,1314.39,751.38,23.0,5569.78,30.94
COSTO00055,Producción B,534,1275.44,593.85,1292.07,11.0,3161.36,5.92
COSTO00056,Producción A,868,1365.3,616.94,782.26,39.0,2764.5,3.18
COSTO00057,Producción A,696,683.91,3608.51,421.19,22.0,4713.61,6.77
COSTO00058,Producción B,70,1260.21,1009.91,1610.94,20.0,3881.06,55.44
COSTO00059,Servicios Generales,890,1753.66,1496.47,230.4,43.0,3480.53,3.91
COSTO00060,Producción A,216,1296.55,1138.63,1896.75,8.0,4331.93,20.06
COSTO00061,Producción B,323,899.16,1613.49,862.21,29.0,3374.86,10.45
COSTO00062,Producción A,437,1042.86,556.87,100.32,36.0,1700.05,3.89
COSTO00063,Mantenimiento,650,2573.5,2220.52,1326.71,44.0,6120.73,9.42
COSTO00064,Servicios Generales,365,1428.5,550.17,212.44,17.0,2191.11,6.0
COSTO00065,Mantenimiento,63,2139.21,3261.32,762.81,49.0,6163.34,97.83
COSTO00066,Servicios Generales,291,2765.38,1164.73,1796.74,21.0,5726.85,19.68
COSTO00067,Producción B,826,3606.78,2298.04,250.46,41.0,6155.28,7.45
COSTO00068,Servicios Generales,395,676.9,3556.29,2114.41,10.0,6347.6,16.07
COSTO00069,Servicios Generales,614,4097.35,2708.25,109.17,23.0,6914.77,11.26
COSTO00070,Producción B,947,3325.55,2271.94,692.38,17.0,6289.87,6.64
COSTO00071,Servicios Generales,389,867.92,1500.03,1878.17,30.0,4246.12,10.92
COSTO00072,Producción A,141,4431.1,1532.11,859.05,18.0,6822.26,48.38
COSTO00073,Administración,416,4643.93,2777.1,344.54,35.0,7765.57,18.67
COSTO00074,Producción B,504,774.85,3978.32,964.56,8.0,5717.73,11.34
COSTO00075,Administración,477,1745.95,2748.81,748.94,43.0,5243.7,10.99
COSTO00076,Producción B,558,4127.91,2363.8,2122.51,12.0,8614.22,15.44
COSTO00077,Producción B,825,,3003.41,852.04,29.0,7722.62,9.36
COSTO00078,Mantenimiento,992,1330.34,2021.26,1993.44,17.0,5345.04,5.39
COSTO00079,Mantenimiento,84,1442.07,522.53,2240.49,36.0,4205.09,50.06
COSTO00080,Servicios Generales,255,2167.12,2380.5,1141.16,42.0,5688.78,22.31
COSTO00081,Administración,130,2680.35,3843.21,2283.86,42.0,8807.42,67.75
COSTO00082,Producción B,981,3282.15,948.62,1005.56,32.0,5236.33,5.34
COSTO00083,Servicios Generales,611,2160.11,,2413.79,34.0,7426.92,12.16
COSTO00084,Producción A,921,2581.41,1043.45,314.29,7.0,3939.15,4.28
COSTO00085,Producción B,437,3863.62,2282.56,1748.85,32.0,7895.03,18.07
COSTO00086,Producción A,51,,657.7,1285.15,7.0,2607.92,51.14
COSTO00087,Servicios Generales,439,1635.97,1966.37,1030.36,49.0,4632.7,10.55
COSTO00088,Mantenimiento,615,3710.07,3097.8,1618.51,38.0,8426.38,13.7
COSTO00089,Servicios Generales,155,4528.43,1586.01,1789.26,20.0,7903.7,50.99
COSTO00090,Producción A,821,2802.55,2760.17,110.47,26.0,5673.19,6.91
COSTO00091,Producción B,871,2894.51,3243.16,500.69,36.0,6638.36,7.62
COSTO00092,Administración,526,982.27,3730.56,1811.31,42.0,6524.14,12.4
COSTO00093,Servicios Generales,752,2513.36,1168.18,1699.32,12.0,5380.86,7.16
COSTO00094,Producción B,451,2896.78,1777.47,2418.51,12.0,7092.76,15.73
COSTO00095,Mantenimiento,779,1591.12,863.94,1926.49,10.0,4381.55,5.62
COSTO00096,Mantenimiento,605,1711.59,3972.19,2381.85,,8065.63,13.33
COSTO00097,Mantenimiento,211,2197.78,3729.9,1786.1,36.0,7713.78,36.56
COSTO00098,Producción B,251,590.32,2297.84,815.33,39.0,3703.49,14.75
COSTO00099,Servicios Generales,319,1949.36,3415.52,352.88,14.0,5717.76,17.92
COSTO00100,Producción B,912,1451.52,2227.54,1976.38,7.0,5655.44,6.2
COSTO00101,Producción B,865,1973.74,2607.27,1645.96,16.0,6226.97,7.2
COSTO00102,Administración,320,1038.93,629.76,215.65,35.0,1884.34,5.89
COSTO00103,Administración,505,4507.37,3094.5,964.12,33.0,8565.99,16.96
COSTO00104,Servicios Generales,511,3171.17,772.54,2396.32,9.0,6340.03,12.41
COSTO00105,Administración,776,3555.96,3356.45,1300.96,29.0,8213.37,10.58
COSTO00106,Mantenimiento,301,4051.27,3193.5,1138.55,45.0,8383.32,27.85
COSTO00107,Administración,751,2742.99,2922.36,1198.48,35.0,6863.83,9.14
COSTO00108,Mantenimiento,345,891.14,433.79,601.32,25.0,1926.25,5.58
COSTO00109,Servicios Generales,774,2916.98,1421.57,984.9,24.0,5323.45,6.88
COSTO00110,Producción B,769,3140.79,1273.52,987.55,43.0,5401.86,7.02
COSTO00111,Producción B,798,3854.48,1632.5,225.65,26.0,5712.63,7.16
COSTO00112,Administración,387,2442.47,624.28,1942.16,8.0,5008.91,12.94
COSTO00113,Mantenimiento,928,1074.11,3766.74,1099.61,,5940.46,6.4
COSTO00114,Producción A,102,1776.99,2349.07,2073.23,49.0,6199.29,60.78
COSTO00115,Producción A,841,2133.87,1430.44,2140.84,46.0,5705.15,6.78
COSTO00116,Producción A,971,3406.63,1768.83,608.79,24.0,5784.25,5.96
COSTO00117,Producción B,266,3068.5,1954.65,1677.65,17.0,6700.8,25.19
COSTO00118,Producción B,813,2102.44,2522.2,1233.48,21.0,5858.12,7.21
COSTO00119,Mantenimiento,237,4939.32,2208.01,2212.38,40.0,9359.71,39.49
COSTO00120,Administración,429,,37017.5,617.78,37.0,7545.52,17.59
COSTO00121,Producción A,542,1567.52,2138.76,1726.75,5.0,5433.03,10.02
COSTO00122,Mantenimiento,90,958.02,3970.98,1558.61,19.0,6487.61,72.08
COSTO00123,Mantenimiento,206,1187.87,3450.27,808.72,17.0,5446.86,26.44
COSTO00124,Administración,64,,,427.84,21.0,3106.14,48.53
COSTO00125,Mantenimiento,862,1223.07,3743.2,1663.94,28.0,6630.21,7.69
COSTO00126,Administración,114,1339.55,730.56,1872.63,12.0,3942.74,34.59
COSTO00127,Servicios Generales,906,1782.93,3324.56,857.51,31.0,5965.0,6.58
COSTO00128,Administración,888,1280.18,1708.31,1647.6,49.0,4636.09,5.22
COSTO00129,Producción A,570,4535.44,3548.5,1048.31,27.0,9132.25,16.02
COSTO00130,Producción A,393,861.05,3511.81,1811.7,12.0,6184.56,15.74
COSTO00131,Administración,178,,3281.92,578.12,12.0,6720.34,37.75
COSTO00132,Servicios Generales,697,2346.79,3223.11,2236.52,30.0,7806.42,11.2
COSTO00133,Servicios Generales,521,,1427.31,789.78,17.0,7137.79,13.7
COSTO00134,Producción A,112,1004.18,599.4,982.69,43.0,2586.27,23.09
COSTO00135,Servicios Generales,188,2290.35,1791.03,239.42,41.0,4320.8,22.98
COSTO00136,Mantenimiento,548,4862.62,942.04,367.63,32.0,6172.29,11.26
COSTO00137,Producción B,642,4394.78,,1338.07,29.0,8604.17,13.4
COSTO00138,Mantenimiento,441,4176.82,1580.57,742.22,20.0,6499.61,14.74
COSTO00139,Producción A,724,1660.56,3909.76,2105.15,6.0,7675.47,10.6
COSTO00140,Servicios Generales,468,1268.99,2671.6,135.26,22.0,4075.85,8.71
COSTO00141,Administración,338,3508.89,3343.18,1009.83,21.0,7861.9,23.26
COSTO00142,Producción B,428,4682.19,790.34,909.63,34.0,6382.16,14.91
COSTO00143,Administración,822,3005.43,3489.45,146.39,43.0,6641.27,8.08
COSTO00144,Producción A,539,3072.26,3714.2,398.48,17.0,7184.94,13.33
COSTO00145,Servicios Generales,280,,2102.13,1092.74,36.0,4954.78,17.7
COSTO00146,Administración,90,3962.72,2543.14,1282.88,33.0,7788.74,86.54
COSTO00147,Administración,77,1341.7,3129.8,1070.3,34.0,5541.8,71.97
COSTO00148,Producción B,184,1956.56,946.9,1374.25,22.0,4277.71,23.25
COSTO00149,Producción B,250,2414.46,2159.49,1528.32,17.0,6102.27,24.41
COSTO00150,Servicios Generales,889,2784.25,1775.05,123.82,47.0,4683.12,5.27
COSTO00151,Producción B,829,1590.84,841.58,1213.83,25.0,3646.25,4.4
COSTO00152,Administración,979,1016.77,1659.88,2412.4,34.0,5089.05,5.2
COSTO00153,Administración,82,3247.79,552.24,1345.68,25.0,5145.71,62.75
COSTO00154,Producción A,97,1798.84,395.5,1726.1,21.0,3920.44,40.42
COSTO00155,Administración,552,3115.57,800.12,848.47,44.0,4764.16,8.63
COSTO00156,Servicios Generales,456,1194.63,3863.53,1957.58,23.0,7015.74,15.39
COSTO00157,Mantenimiento,623,2665.13,2333.26,1955.01,19.0,6953.4,11.16
COSTO00158,Producción A,777,2896.65,3873.54,1351.11,13.0,8121.3,10.45
COSTO00159,Producción A,854,733.21,1900.24,2442.43,14.0,5075.88,5.94
COSTO00160,Servicios Generales,148,,1453.72,401.32,48.0,3869.76,26.15
COSTO00161,Servicios Generales,733,1104.87,2172.72,140.67,35.0,3418.26,4.66
COSTO00162,Producción B,921,785.19,1926.19,1948.38,27.0,4659.76,5.06
COSTO00163,Producción A,775,4954.82,690.96,2037.17,34.0,7682.95,9.91
COSTO00164,Producción B,596,1950.59,2671.06,388.5,37.0,5010.15,8.41
COSTO00165,Administración,788,4144.44,1099.34,737.4,13.0,5981.18,7.59
COSTO00166,Producción A,662,1645.88,2592.48,142.13,5.0,4380.49,6.62
COSTO00167,Producción A,992,,2705.74,803.94,48.0,7076.44,7.13
COSTO00168,Mantenimiento,511,3921.03,862.49,1955.54,39.0,6739.06,13.19
COSTO00169,Producción A,692,3180.37,526.99,1343.11,15.0,5050.47,7.3
COSTO00170,Administración,818,2622.09,3188.82,935.43,38.0,6746.34,8.25
COSTO00171,Producción B,54,2353.28,2001.26,992.17,20.0,5346.71,99.01
COSTO00172,Producción B,267,2069.91,515.21,103.25,13.0,2688.37,10.07
COSTO00173,Mantenimiento,552,4682.88,3981.01,819.52,36.0,9483.41,17.18
COSTO00174,Administración,816,4237.79,513.79,1651.5,19.0,6403.08,7.85
COSTO00175,Producción B,447,4842.62,2871.63,2438.07,16.0,10152.32,22.71
COSTO00176,Servicios Generales,920,1059.34,3939.61,2132.95,37.0,7131.9,7.75
COSTO00177,Administración,844,3788.9,1184.97,156.63,49.0,5130.5,6.08
COSTO00178,Administración,442,4722.53,826.32,2256.55,18.0,7805.4,17.66
COSTO00179,Mantenimiento,256,1315.55,749.12,1979.68,12.0,4044.35,15.8
COSTO00180,Producción B,64,799.23,1422.12,1972.9,12.0,4194.25,65.54
COSTO00181,Administración,907,3835.04,673.87,1199.19,31.0,5708.1,6.29
COSTO00182,Producción B,603,3085.13,2861.0,1055.21,16.0,7001.34,11.61
COSTO00183,Servicios Generales,941,4288.23,530.48,827.0,5.0,5645.71,6.0
COSTO00184,Mantenimiento,510,1128.98,2184.86,257.67,47.0,3571.51,7.0
COSTO00185,Servicios Generales,740,4078.7,3987.78,647.76,44.0,8714.24,11.78
COSTO00186,Mantenimiento,624,1407.32,3311.69,691.85,46.0,5410.86,8.67
COSTO00187,Administración,913,1236.45,2576.31,1261.78,15.0,5074.54,5.56
COSTO00188,Mantenimiento,792,1239.2,1433.14,1893.87,43.0,4566.21,5.77
COSTO00189,Producción A,290,4165.59,2608.41,1237.14,47.0,8011.14,27.62
COSTO00190,Producción B,613,3493.39,2250.05,238.83,35.0,5982.27,9.76
COSTO00191,Producción B,145,2853.79,1876.51,2398.7,21.0,7129.0,49.17
COSTO00192,Producción A,949,2114.74,783.63,2362.54,37.0,5260.91,5.54
COSTO00193,Servicios Generales,783,4447.4,3580.44,1984.45,36.0,10012.29,12.79
COSTO00194,Producción A,534,2266.0,1964.2,2479.19,33.0,6709.39,12.56
COSTO00195,Administración,456,4174.7,1020.1,1406.76,25.0,6601.56,14.48
COSTO00196,Administración,280,2476.11,1660.71,2410.64,25.0,6547.46,23.38
COSTO00197,Producción B,798,2196.25,1832.28,281.45,44.0,4309.98,5.4
COSTO00198,Administración,704,2582.06,3361.89,977.63,27.0,6921.58,9.83
COSTO00199,Producción B,220,1856.2,3014.37,640.92,10.0,5511.49,25.05
COSTO00200,Producción A,590,3864.24,3146.43,570.0,26.0,7580.67,12.85
COSTO00201,Producción A,85,2762.24,340.82,437.93,42.0,3540.99,41.66
COSTO00202,Producción A,574,1544.96,,1593.79,41.0,4978.52,8.67
COSTO00203,Producción B,209,4548.09,2080.97,1975.17,,8604.23,41.17
COSTO00204,Producción A,888,2227.51,371.01,1487.92,12.0,4086.44,4.6
COSTO00205,Producción A,748,,1261.31,452.71,45.0,4660.01,6.23
COSTO00206,Servicios Generales,292,4579.12,3113.07,2046.7,39.0,9738.89,33.35
COSTO00207,Producción A,135,3309.07,807.31,1626.29,15.0,5742.67,42.54
COSTO00208,Administración,845,1026.04,2280.65,1031.6,28.0,4338.29,5.13
COSTO00209,Producción B,627,4729.24,1096.25,1717.91,25.0,7543.4,12.03
COSTO00210,Servicios Generales,731,3324.69,344.85,723.77,6.0,4393.31,6.01
COSTO00211,Mantenimiento,606,2007.08,1192.45,928.46,44.0,4127.99,6.81
COSTO00212,Producción B,623,1126.72,3910.73,2301.97,23.0,7339.42,11.78
COSTO00213,Administración,695,,3265.69,797.21,43.0,8136.01,11.71
COSTO00214,Producción B,845,3290.33,3850.43,1227.97,32.0,8368.73,9.9
COSTO00215,Administración,77,2900.57,2105.06,2236.34,21.0,7241.97,94.05
COSTO00216,Administración,669,4522.52,706.02,1798.53,10.0,7027.07,10.5
COSTO00217,Mantenimiento,605,4048.69,2327.45,249.29,23.0,6625.43,10.95
COSTO00218,Producción B,389,1182.54,1981.2,453.53,42.0,3617.27,9.3
COSTO00219,Mantenimiento,847,1902.75,3424.12,118.82,32.0,5445.69,6.43
COSTO00220,Mantenimiento,380,1618.2,662.91,1614.21,6.0,3895.32,10.25
COSTO00221,Producción B,689,3847.76,2106.49,1174.42,42.0,7128.67,10.35
COSTO00222,Producción A,555,650.9,855.18,422.26,41.0,1928.34,3.47
COSTO00223,Producción A,397,,1501.3,2399.04,,6964.84,17.54
COSTO00224,Mantenimiento,522,3931.06,3028.22,1371.18,26.0,8330.46,15.96
COSTO00225,Servicios Generales,280,4445.45,2061.27,680.54,30.0,7187.26,25.67
COSTO00226,Mantenimiento,239,2039.37,1690.79,1301.45,47.0,5031.61,21.05
COSTO00227,Mantenimiento,274,4195.66,1759.56,1731.09,40.0,7686.31,28.05
COSTO00228,Mantenimiento,434,997.84,1999.95,282.97,17.0,3280.76,7.56
COSTO00229,Producción A,426,4309.04,3204.56,759.29,36.0,8272.89,19.42
COSTO00230,Producción A,332,1073.7,3600.71,2036.72,21.0,6711.13,20.21
COSTO00231,Producción A,682,2287.79,3834.74,1203.2,45.0,7325.73,10.74
COSTO00232,Mantenimiento,677,4087.83,3211.54,1411.79,40.0,8711.16,12.87
COSTO00233,Servicios Generales,794,1174.63,1467.01,1138.76,23.0,3780.4,4.76
COSTO00234,Producción A,308,1531.63,2846.1,205.36,39.0,4583.09,14.88
COSTO00235,Producción B,408,3750.14,1919.13,497.8,44.0,6167.07,15.12
COSTO00236,Producción B,759,3740.16,1242.28,1169.3,32.0,6151.74,8.11
COSTO00237,Producción B,505,3385.16,3411.22,602.05,5.0,7398.43,14.65
COSTO00238,Administración,460,3622.77,442.18,219.95,46.0,4284.9,9.32
COSTO00239,Mantenimiento,698,2942.26,3636.52,2124.76,22.0,8703.54,12.47
COSTO00240,Producción B,367,,,2454.86,44.0,6095.43,16.61
COSTO00241,Mantenimiento,726,2055.63,,2003.54,37.0,6716.82,9.25
COSTO00242,Producción B,274,1317.19,2739.61,2149.08,16.0,6205.88,22.65
COSTO00243,Servicios Generales,868,4588.03,3611.94,680.75,12.0,8880.72,10.23
COSTO00244,Mantenimiento,283,3125.26,,2405.5,28.0,8186.44,28.93
COSTO00245,Producción B,733,2303.83,2571.55,572.62,20.0,5448.0,7.43
COSTO00246,Producción A,713,2579.03,546.61,2383.43,8.0,5509.07,7.73
COSTO00247,Mantenimiento,876,4762.78,2218.11,2487.57,42.0,9468.46,10.81
COSTO00248,Administración,423,1190.08,855.63,1808.13,48.0,3853.84,9.11
COSTO00249,Producción A,721,25104.24,,2454.74,31.0,8621.27,11.96
COSTO00250,Producción A,657,2776.5,2195.22,1466.9,,6438.62,9.8
COSTO00251,Administración,521,3251.54,2816.84,722.9,20.0,6791.28,13.04
COSTO00252,Producción A,282,581.5,454.19,1148.79,,2184.48,7.75
COSTO00253,Producción A,741,4424.56,613.73,1524.55,35.0,6562.84,8.86
COSTO00254,Producción B,162,4694.53,2950.4,275.4,28.0,7920.33,48.89
COSTO00255,Producción B,879,3043.1,566.71,1593.62,18.0,5203.43,5.92
COSTO00256,Mantenimiento,546,3634.93,563.65,2454.83,49.0,6653.41,12.19
COSTO00257,Mantenimiento,491,4651.25,344.8,556.26,29.0,5552.31,11.31
COSTO00258,Mantenimiento,613,3682.57,3839.06,2002.23,38.0,9523.86,15.54
COSTO00259,Producción B,317,1186.43,3028.78,2278.96,7.0,6494.17,20.49
COSTO00260,Mantenimiento,559,3093.3,1607.03,2364.88,28.0,7065.21,12.64
COSTO00261,Producción A,856,3230.22,1397.18,2404.33,46.0,7031.73,8.21
COSTO00262,Producción B,435,2408.59,1593.9,1351.5,13.0,5353.99,12.31
COSTO00263,Mantenimiento,436,3814.0,,2445.54,30.0,9425.76,21.62
COSTO00264,Producción A,162,4704.65,,1917.54,24.0,9369.26,57.83
COSTO00265,Mantenimiento,662,4665.06,985.22,488.01,44.0,6138.29,9.27
COSTO00266,Servicios Generales,674,2528.78,944.2,1244.56,14.0,4717.54,7.0
COSTO00267,Mantenimiento,130,1009.57,664.06,1823.99,23.0,3497.62,26.9
COSTO00268,Servicios Generales,748,4931.79,2743.12,693.62,7.0,8368.53,11.19
COSTO00269,Mantenimiento,162,4275.04,3128.18,1637.48,28.0,9040.7,55.81
COSTO00270,Administración,51,1060.98,1280.67,1699.84,9.0,4041.49,79.24
COSTO00271,Mantenimiento,691,4643.79,377.5,490.48,7.0,5511.77,7.98
COSTO00272,Producción B,269,4414.53,604.04,1456.2,31.0,6474.77,24.07
COSTO00273,Producción B,615,2834.77,,1951.9,20.0,8667.75,14.09
COSTO00274,Servicios Generales,904,3160.74,1393.15,1297.35,19.0,5851.24,6.47
COSTO00275,Producción B,785,2295.51,3146.13,129.05,39.0,5570.69,7.1
COSTO00276,Producción A,274,746.43,2611.26,121.69,16.0,3479.38,12.7
COSTO00277,Administración,434,2008.39,1713.18,956.87,45.0,4678.44,10.78
COSTO00278,Administración,452,4112.84,1061.04,2322.87,48.0,7496.75,16.59
COSTO00279,Producción A,687,520.84,749.13,648.82,30.0,1918.79,2.79
COSTO00280,Servicios Generales,179,2000.75,2575.55,1622.47,38.0,6198.77,34.63
COSTO00281,Producción A,102,2291.76,3166.14,632.98,27.0,6090.88,59.71
COSTO00282,Producción A,733,,2682.45,872.01,35.0,6472.74,8.83
COSTO00283,Administración,779,4639.35,2262.12,2135.3,24.0,9036.77,11.6
COSTO00284,Mantenimiento,721,2058.56,455.22,1849.27,16.0,4363.05,6.05
COSTO00285,Administración,759,2061.29,3883.41,328.96,27.0,6273.66,8.27
COSTO00286,Administración,465,3818.76,3255.24,1128.88,8.0,8202.88,17.64
COSTO00287,Producción B,296,2534.98,1383.44,170.01,27.0,4088.43,13.81
COSTO00288,Producción A,885,1510.72,3925.89,1254.14,5.0,6690.75,7.56
COSTO00289,Administración,488,2535.98,2526.96,1689.84,29.0,6752.78,13.84
COSTO00290,Producción A,252,1133.86,2454.96,384.41,,3973.23,15.77
COSTO00291,Producción B,233,1293.74,3067.87,793.32,34.0,5154.93,22.12
COSTO00292,Producción A,172,2742.65,3303.55,1054.81,7.0,7101.01,41.28
COSTO00293,Administración,450,2385.16,2728.97,2306.87,25.0,7421.0,16.49
COSTO00294,Producción A,816,4616.81,773.95,2483.81,29.0,7874.57,9.65
COSTO00295,Producción B,343,2130.77,1551.59,207.79,24.0,3890.15,11.34
COSTO00296,Mantenimiento,329,3112.65,3733.91,1926.42,26.0,8772.98,26.67
COSTO00297,Producción A,886,3345.19,1131.08,992.14,25.0,5468.41,6.17
COSTO00298,Administración,933,558.93,1677.02,1041.9,37.0,3277.85,3.51
COSTO00299,Producción B,659,3485.92,1898.68,1910.24,42.0,7294.84,11.07
COSTO00300,Administración,247,1301.16,1925.8,2304.22,19.0,5531.18,22.39
COSTO00301,Administración,956,4824.82,2567.88,2382.23,19.0,9774.93,10.22
COSTO00302,Producción A,560,1168.98,3789.38,1485.09,29.0,6443.45,11.51
COSTO00303,Administración,801,2365.81,1190.56,957.09,25.0,4513.46,5.63
COSTO00304,Producción A,193,7072.56,749.56,1990.12,28.0,3623.75,18.78
COSTO00305,Mantenimiento,658,4985.93,1030.64,702.4,9.0,6718.97,10.21
COSTO00306,Administración,250,2759.88,3581.62,1453.78,10.0,7795.28,31.18
COSTO00307,Administración,173,3179.23,2689.5,960.59,47.0,6829.32,39.48
COSTO00308,Administración,236,801.84,1357.86,1675.91,48.0,3835.61,16.25
COSTO00309,Servicios Generales,375,3874.82,3319.0,676.96,27.0,7870.78,20.99
COSTO00310,Servicios Generales,513,1444.58,3487.07,559.82,8.0,5491.47,10.7
COSTO00311,Producción B,398,4541.24,3432.1,2303.77,31.0,10277.11,25.82
COSTO00312,Servicios Generales,820,1423.13,3700.03,344.33,22.0,5467.49,6.67
COSTO00313,Producción B,709,1358.09,1233.29,1314.3,25.0,3905.68,5.51
COSTO00314,Servicios Generales,813,664.47,3093.66,630.05,32.0,4388.18,5.4
COSTO00315,Mantenimiento,981,2624.3,2004.0,193.43,39.0,4821.73,4.92
COSTO00316,Producción B,452,3041.79,3415.39,186.45,,6643.63,14.7
COSTO00317,Servicios Generales,395,795.69,2995.42,520.53,44.0,4311.64,10.92
COSTO00318,Mantenimiento,560,3989.87,3172.86,2180.25,27.0,9342.98,16.68
COSTO00319,Servicios Generales,196,2539.8,2727.8,777.95,7.0,6045.55,30.84
COSTO00320,Producción A,197,2859.76,,2381.1,44.0,6197.35,31.46
COSTO00321,Producción A,913,,2316.6,1495.89,14.0,6295.92,6.9
COSTO00322,Mantenimiento,760,2303.43,3943.28,1147.87,29.0,7394.58,9.73
COSTO00323,Administración,869,3018.38,3768.34,1492.21,12.0,8278.93,9.53
COSTO00324,Administración,538,1198.58,459.74,1340.08,15.0,2998.4,5.57
COSTO00325,Producción A,978,1318.68,909.81,1921.06,9.0,4149.55,4.24
COSTO00326,Producción A,985,4378.04,787.4,777.99,49.0,5943.43,6.03
COSTO00327,Administración,689,4757.52,2986.13,947.32,,8690.97,12.61
COSTO00328,Producción B,600,2179.89,3325.81,2245.83,49.0,7751.53,12.92
COSTO00329,Administración,387,1718.35,1089.99,2371.5,42.0,5179.84,13.38
COSTO00330,Servicios Generales,921,3398.0,2171.65,2242.14,33.0,7811.79,8.48
COSTO00331,Producción B,690,2339.3,3410.6,1106.68,9.0,6856.58,9.94
COSTO00332,Servicios Generales,828,614.24,3011.37,1972.88,13.0,5598.49,6.76
COSTO00333,Producción A,522,1202.69,2306.28,1243.21,6.0,4752.18,9.1
COSTO00334,Producción B,995,3721.88,2484.29,1294.1,5.0,7500.27,7.54
COSTO00335,Servicios Generales,200,3465.16,2180.93,591.23,44.0,6237.32,31.19
COSTO00336,Servicios Generales,464,621.93,1400.93,1518.71,34.0,3541.57,7.63
COSTO00337,Producción B,347,1498.87,2390.58,546.73,15.0,4436.18,12.78
COSTO00338,Mantenimiento,660,1539.84,2848.88,895.76,32.0,5284.48,8.01
COSTO00339,Administración,312,3523.52,3531.29,2152.07,48.0,9206.88,29.51
COSTO00340,Servicios Generales,813,588.7,2654.28,596.98,16.0,3839.96,4.72
COSTO00341,Administración,193,968.49,3116.15,270.78,43.0,4355.42,22.57
COSTO00342,Administración,395,4099.62,892.27,265.62,30.0,5257.51,13.31
COSTO00343,Producción A,673,1303.45,2007.76,2357.88,17.0,5669.09,8.42
COSTO00344,Administración,621,3437.36,334.53,1316.61,12.0,5088.5,8.19
COSTO00345,Servicios Generales,930,1571.82,1212.71,1082.59,32.0,3867.12,4.16
COSTO00346,Producción A,51,947.49,2987.91,2046.11,34.0,5981.51,117.28
COSTO00347,Producción B,946,1594.27,3969.7,2105.98,13.0,7669.95,8.11
COSTO00348,Servicios Generales,353,3750.2,666.96,897.26,43.0,5314.42,15.06
COSTO00349,Producción A,303,4350.63,1785.53,1764.68,35.0,7900.84,26.08
COSTO00350,Producción A,701,4235.99,3260.26,1950.69,25.0,9446.94,13.48
COSTO00351,Administración,502,2287.33,,1671.16,38.0,5013.42,9.99
COSTO00352,Producción B,86,3506.38,2353.81,463.83,35.0,6324.02,73.54
COSTO00353,Servicios Generales,209,1422.43,3012.36,2202.12,29.0,6636.91,31.76
COSTO00354,Servicios Generales,58,1819.16,2579.15,1393.83,16.0,5792.14,99.86
COSTO00355,Administración,282,4533.51,995.69,777.93,,6307.13,22.37
COSTO00356,Producción B,148,558.51,1614.92,1120.55,26.0,3293.98,22.26
COSTO00357,Servicios Generales,708,884.79,3200.03,190.17,44.0,4274.99,6.04
COSTO00358,Producción B,865,1435.49,2350.64,406.88,41.0,4193.01,4.85
COSTO00359,Servicios Generales,257,619.39,,1937.31,5.0,2876.05,11.19
COSTO00360,Administración,180,1316.46,3115.67,100.03,,4532.16,25.18
COSTO00361,Mantenimiento,453,24989.52,430.65,1099.76,46.0,4654.1,10.27
COSTO00362,Servicios Generales,201,2396.41,3059.21,1354.02,46.0,6809.64,33.88
COSTO00363,Producción A,103,4517.02,1049.18,231.12,25.0,5797.32,56.28
COSTO00364,Producción A,169,4178.5,3844.87,2435.39,19.0,10458.76,61.89
COSTO00365,Mantenimiento,722,2038.18,1661.38,642.7,21.0,4342.26,6.01
COSTO00366,Servicios Generales,969,1667.41,1509.65,830.08,26.0,4007.14,4.14
COSTO00367,Producción A,677,2208.62,850.89,829.46,42.0,3888.97,5.74
COSTO00368,Producción A,636,3156.33,1430.74,653.0,39.0,5240.07,8.24
COSTO00369,Servicios Generales,674,1706.29,3543.61,103.54,49.0,5353.44,7.94
COSTO00370,Producción B,469,3308.67,3986.44,1850.43,20.0,9145.54,19.5
COSTO00371,Servicios Generales,471,2342.35,1662.75,2420.43,12.0,6425.53,13.64
COSTO00372,Producción B,153,2984.21,1959.86,638.3,21.0,5582.37,36.49
COSTO00373,Mantenimiento,901,2462.57,2971.66,1691.31,21.0,7125.54,7.91
COSTO00374,Administración,303,1825.1,3578.92,1880.55,30.0,7284.57,24.04
COSTO00375,Mantenimiento,276,4768.04,2494.26,2136.22,,9398.52,34.05
COSTO00376,Administración,161,3936.23,,1114.31,21.0,6799.19,42.23
COSTO00377,Producción A,559,1130.51,1826.7,827.03,42.0,3784.24,6.77
COSTO00378,Producción A,522,4408.11,2873.79,880.71,21.0,8162.61,15.64
COSTO00379,Producción A,148,2693.44,311.91,1810.29,18.0,4815.64,32.54
COSTO00380,Producción B,202,4525.49,2592.48,2060.27,49.0,9178.24,45.44
COSTO00381,Administración,910,4099.35,1615.32,535.87,10.0,6250.54,6.87
COSTO00382,Producción A,963,2413.46,3238.53,990.26,,6642.25,6.9
COSTO00383,Servicios Generales,945,601.11,644.07,2264.66,18.0,3509.84,3.71
COSTO00384,Administración,927,1709.05,2476.35,2036.06,12.0,6221.46,6.71
COSTO00385,Administración,387,2937.35,2079.6,2463.66,19.0,7480.61,19.33
COSTO00386,Producción B,755,3350.65,,1910.2,31.0,7937.45,10.51
COSTO00387,Mantenimiento,871,1660.49,539.96,1043.67,17.0,3244.12,3.72
COSTO00388,Producción B,212,1127.1,2445.94,1517.53,35.0,5090.57,24.01
COSTO00389,Producción A,769,4257.19,2377.49,1686.43,39.0,8321.11,10.82
COSTO00390,Servicios Generales,730,4929.81,2374.44,288.29,10.0,7592.54,10.4
COSTO00391,Servicios Generales,210,2865.61,2532.9,1406.79,9.0,6805.3,32.41
COSTO00392,Producción A,629,1272.56,2802.93,1802.37,26.0,5877.86,9.34
COSTO00393,Servicios Generales,850,1725.38,3278.46,501.57,27.0,5505.41,6.48
COSTO00394,Producción B,447,582.76,1298.34,1973.52,29.0,3854.62,8.62
COSTO00395,Producción B,326,4614.34,3352.68,1501.05,38.0,9468.07,29.04
COSTO00396,Producción A,865,1029.88,2143.55,2385.33,30.0,5558.76,6.43
COSTO00397,Servicios Generales,965,3094.32,585.12,201.81,9.0,3881.25,4.02
COSTO00398,Administración,553,1733.25,516.64,736.78,30.0,2986.67,5.4
COSTO00399,Mantenimiento,945,2993.8,1536.68,1543.73,24.0,6074.21,6.43
COSTO00400,Administración,441,,3204.12,811.74,10.0,7447.25,16.89
COSTO00401,Producción B,184,4233.84,2918.42,1814.62,10.0,8966.88,48.73
COSTO00402,Producción B,244,1428.9,3217.88,1921.61,22.0,6568.39,26.92
COSTO00403,Producción B,450,549.48,2213.9,346.04,8.0,3109.42,6.91
COSTO00404,Producción B,689,1115.99,1928.74,1333.25,21.0,4377.98,6.35
COSTO00405,Mantenimiento,82,4550.08,845.57,1321.34,18.0,6716.99,81.91
COSTO00406,Producción A,737,4432.51,1514.31,986.27,18.0,6933.09,9.41
COSTO00407,Producción B,509,3188.36,1905.87,2339.02,17.0,7433.25,14.6
COSTO00408,Servicios Generales,932,3202.33,627.82,2086.02,11.0,5916.17,6.35
COSTO00409,Mantenimiento,519,3492.67,1116.26,1773.3,48.0,6382.23,12.3
COSTO00410,Producción B,424,1289.17,2513.43,1814.38,19.0,5616.98,13.25
COSTO00411,Servicios Generales,71,4614.85,3021.95,1208.12,23.0,8844.92,124.58
COSTO00412,Producción B,799,2384.47,3993.89,2310.39,47.0,8688.75,10.87
COSTO00413,Producción A,719,2224.12,,1767.03,48.0,7743.67,10.77
COSTO00414,Mantenimiento,87,22681.04,2677.49,1849.55,39.0,7362.17,84.62
COSTO00415,Producción A,279,711.35,1858.62,2168.06,21.0,4738.03,16.98
COSTO00416,Mantenimiento,414,1248.28,2653.86,757.77,39.0,4659.91,11.26
COSTO00417,Producción B,612,3821.15,3206.91,2036.97,23.0,9065.03,14.81
COSTO00418,Producción B,487,872.59,737.84,568.58,,2179.01,4.47
COSTO00419,Mantenimiento,825,3214.18,1816.65,928.82,40.0,5959.65,7.22
COSTO00420,Servicios Generales,332,1604.07,3407.27,905.47,39.0,5916.81,17.82
COSTO00421,Servicios Generales,76,2251.83,1720.18,2448.46,36.0,6420.47,84.48
COSTO00422,Producción B,275,1799.12,2415.93,2155.69,48.0,6370.74,23.17
COSTO00423,Producción B,326,2100.53,2474.75,1782.81,44.0,6358.09,19.5
COSTO00424,Producción A,847,,982.56,1844.94,,6563.21,7.75
COSTO00425,Producción B,658,1837.05,1640.27,1448.97,21.0,4926.29,7.49
COSTO00426,Mantenimiento,333,3048.82,1537.69,2373.02,11.0,6959.53,20.9
COSTO00427,Servicios Generales,928,2642.23,396.93,1291.02,47.0,4330.18,4.67
COSTO00428,Servicios Generales,530,3486.52,389.51,1013.24,5.0,4889.27,9.23
COSTO00429,Producción A,502,4715.73,3377.28,491.28,39.0,8584.29,17.1
COSTO00430,Servicios Generales,878,3796.57,1310.36,1986.89,36.0,7093.82,8.08
COSTO00431,Servicios Generales,865,1467.23,2216.89,1862.67,40.0,5546.79,6.41
COSTO00432,Administración,708,640.32,1405.28,1022.45,17.0,3068.05,4.33
COSTO00433,Mantenimiento,565,1680.19,3780.51,160.46,10.0,5621.16,9.95
COSTO00434,Administración,596,3177.85,1259.4,2113.59,18.0,6550.84,10.99
COSTO00435,Servicios Generales,241,731.42,1889.73,127.4,41.0,2748.55,11.4
COSTO00436,Producción A,98,2733.65,3529.1,1788.88,,8051.63,82.16
COSTO00437,Producción A,561,3185.79,3415.15,2428.62,8.0,9029.56,16.1
COSTO00438,Servicios Generales,66,2004.1,988.58,1150.39,44.0,4143.07,62.77
COSTO00439,Producción B,221,3969.1,,663.94,20.0,7902.82,35.76
COSTO00440,Administración,269,979.69,1995.29,1791.69,32.0,4766.67,17.72
COSTO00441,Servicios Generales,207,838.12,2086.98,2061.11,20.0,4986.21,24.09
COSTO00442,Producción A,526,3776.85,793.88,1411.43,8.0,5982.16,11.37
COSTO00443,Producción A,95,2729.71,598.23,2420.88,49.0,5748.82,60.51
COSTO00444,Administración,422,3597.81,2993.38,224.0,30.0,6815.19,16.15
COSTO00445,Mantenimiento,567,2456.72,2136.91,1311.51,32.0,5905.14,10.41
COSTO00446,Servicios Generales,148,1608.81,1916.35,1824.29,36.0,5349.45,36.14
COSTO00447,Servicios Generales,941,4185.96,2999.18,2170.34,49.0,9355.48,9.94
COSTO00448,Mantenimiento,794,4097.37,3132.4,530.21,6.0,7759.98,9.77
COSTO00449,Administración,86,3626.13,887.96,2020.01,35.0,6534.1,75.98
COSTO00450,Administración,329,1724.65,2557.83,1426.5,7.0,5708.98,17.35
COSTO00451,Producción A,398,3156.04,800.81,1051.73,12.0,5008.58,12.58
COSTO00452,Mantenimiento,546,2124.38,3080.09,416.12,28.0,5620.59,10.29
COSTO00453,Administración,351,912.12,2730.73,2176.71,19.0,5819.56,16.58
COSTO00454,Producción B,230,4627.91,3839.47,477.46,47.0,8944.84,38.89
COSTO00455,Servicios Generales,656,1115.68,555.14,843.49,35.0,2514.31,3.83
COSTO00456,Producción A,148,4776.07,511.1,796.11,13.0,6083.28,41.1
COSTO00457,Mantenimiento,749,2507.03,1344.09,2191.39,43.0,6042.51,8.07
COSTO00458,Producción A,165,,1268.31,1714.49,49.0,4315.9,26.16
COSTO00459,Administración,240,2938.55,1213.82,2012.04,,6164.41,25.69
COSTO00460,Administración,302,4428.26,3653.14,701.12,12.0,8782.52,29.08
COSTO00461,Producción B,977,3795.01,1223.32,1599.7,11.0,6618.03,6.77
COSTO00462,Servicios Generales,210,,1306.21,1472.19,48.0,6907.93,32.89
COSTO00463,Mantenimiento,305,3464.53,3109.77,2098.79,43.0,8673.09,28.44
COSTO00464,Producción A,372,3615.24,1964.04,2274.61,46.0,7853.89,21.11
COSTO00465,Servicios Generales,177,4321.38,3173.83,129.18,20.0,7624.39,43.08
COSTO00466,Administración,67,1623.51,541.85,1717.65,39.0,3883.01,57.96
COSTO00467,Servicios Generales,842,2702.41,2104.01,224.41,34.0,5030.83,5.97
COSTO00468,Producción A,784,1495.44,424.37,1417.26,14.0,3337.07,4.26
COSTO00469,Servicios Generales,615,4944.51,531.82,790.32,42.0,6266.65,10.19
COSTO00470,Administración,619,4748.27,3653.82,836.26,22.0,9238.35,14.92
COSTO00471,Servicios Generales,372,677.42,815.21,947.1,9.0,2439.73,6.56
COSTO00472,Mantenimiento,921,,2269.96,1591.1,33.0,7536.15,8.18
COSTO00473,Servicios Generales,735,4663.62,1821.05,901.72,43.0,7386.39,10.05
COSTO00474,Mantenimiento,841,1312.59,1585.17,1858.48,38.0,4756.24,5.66
COSTO00475,Servicios Generales,675,3055.75,3629.38,1070.87,47.0,7756.0,11.49
COSTO00476,Administración,337,4619.7,380.75,264.05,49.0,5264.5,15.62
COSTO00477,Producción B,992,652.76,2756.02,1981.02,,5389.8,5.43
COSTO00478,Producción B,903,3638.39,3864.56,785.82,9.0,8288.77,9.18
COSTO00479,Mantenimiento,712,1838.07,2372.62,1138.64,34.0,5349.33,7.51
COSTO00480,Mantenimiento,688,4659.78,3766.24,1745.07,10.0,10171.09,14.78
COSTO00481,Producción B,204,4869.76,493.35,897.89,48.0,6261.0,30.69
COSTO00482,Administración,539,4749.2,1849.54,235.81,8.0,6834.55,12.68
COSTO00483,Administración,435,2633.96,,997.41,33.0,4893.95,11.25
COSTO00484,Servicios Generales,834,4379.19,,2366.68,27.0,9749.91,11.69
COSTO00485,Mantenimiento,153,4300.47,3930.8,1640.16,10.0,9871.43,64.52
COSTO00486,Administración,978,1935.95,1249.16,1711.55,36.0,4896.66,5.01
COSTO00487,Producción A,442,4230.12,2720.45,1617.48,46.0,8568.05,19.38
COSTO00488,Servicios Generales,860,666.53,1032.96,577.58,22.0,2277.07,2.65
COSTO00489,Servicios Generales,295,3183.21,2391.72,1104.0,19.0,6678.93,22.64
COSTO00490,Producción B,225,1535.04,2016.55,1902.26,44.0,5453.85,24.24
COSTO00491,Mantenimiento,88,1042.55,3896.42,343.29,36.0,5282.26,60.03
COSTO00492,Administración,526,846.29,2551.55,766.85,13.0,4164.69,7.92
COSTO00493,Administración,731,3633.3,1593.17,763.17,41.0,5989.64,8.19
COSTO00494,Servicios Generales,808,2029.44,722.15,1136.85,14.0,3888.44,4.81
COSTO00495,Mantenimiento,587,3761.45,859.61,2452.88,24.0,7073.94,12.05
COSTO00496,Mantenimiento,916,794.1,1133.67,262.01,10.0,2189.78,2.39
COSTO00497,Mantenimiento,867,1918.81,1228.58,1344.88,7.0,4492.27,5.18
COSTO00498,Producción B,970,2927.71,3447.28,530.48,46.0,6905.47,7.12
COSTO00499,Administración,457,32466.0,2376.52,2429.62,15.0,8864.39,19.4
COSTO00500,Mantenimiento,574,,2236.55,371.93,47.0,4542.87,7.91
COSTO00501,Producción B,877,3316.51,724.64,1068.64,21.0,5109.79,5.83
COSTO00502,Producción A,555,4486.9,3482.52,1870.92,36.0,9840.34,17.73
COSTO00503,Servicios Generales,952,3271.38,2974.41,1790.93,8.0,8036.72,8.44
COSTO00504,Administración,874,1548.32,550.37,1114.55,8.0,3213.24,3.68
COSTO00505,Administración,85,609.8,2918.99,931.66,21.0,4460.45,52.48
COSTO00506,Servicios Generales,734,4415.44,2311.09,1054.27,45.0,7780.8,10.6
COSTO00507,Producción A,69,595.71,602.38,734.26,,1932.35,28.01
COSTO00508,Producción B,370,35489.28,1995.71,592.8,9.0,7024.67,18.99
COSTO00509,Servicios Generales,825,2880.22,2093.38,1259.3,36.0,6232.9,7.56
COSTO00510,Producción B,561,4725.8,913.37,744.48,26.0,6383.65,11.38
COSTO00511,Producción B,449,4094.52,3799.08,789.91,10.0,8683.51,19.34
COSTO00512,Producción B,703,4990.7,3444.91,1676.21,39.0,10111.82,14.38
COSTO00513,Producción A,932,2078.2,2775.38,2424.49,26.0,7278.07,7.81
COSTO00514,Producción A,520,3952.35,2010.49,1548.73,5.0,7511.57,14.45
COSTO00515,Producción B,192,2308.69,1823.53,284.75,24.0,4416.97,23.01
COSTO00516,Mantenimiento,141,2659.44,2708.6,281.4,26.0,5649.44,40.07
COSTO00517,Administración,403,3323.77,2318.1,2383.42,,8025.29,19.91
COSTO00518,Producción A,883,4431.55,530.41,813.5,17.0,5775.46,6.54
COSTO00519,Mantenimiento,849,4928.38,,320.96,,7445.6,8.77
COSTO00520,Mantenimiento,776,3957.23,3283.69,1537.71,7.0,8778.63,11.31
COSTO00521,Administración,903,2379.95,1999.19,1596.76,13.0,5975.9,6.62
COSTO00522,Producción B,100,2396.11,492.24,1656.41,16.0,4544.76,45.45
COSTO00523,Mantenimiento,714,3819.12,3209.23,741.76,27.0,7770.11,10.88
COSTO00524,Mantenimiento,747,1574.5,1045.05,136.27,18.0,2755.82,3.69
COSTO00525,Mantenimiento,624,997.13,1256.9,2416.04,37.0,4670.07,7.48
COSTO00526,Producción B,239,2095.8,9094.1,702.14,,3707.35,15.51
COSTO00527,Producción B,174,1792.58,1521.8,1722.46,45.0,5036.84,28.95
COSTO00528,Producción A,199,1833.39,3099.98,1795.91,13.0,6729.28,33.82
COSTO00529,Producción A,363,1551.23,2221.73,1564.02,27.0,5336.98,14.7
COSTO00530,Mantenimiento,619,689.42,1058.06,850.98,14.0,2598.46,4.2
COSTO00531,Producción B,391,580.43,3547.97,750.63,23.0,4879.03,12.48
COSTO00532,Producción B,354,4944.75,3554.45,1534.4,9.0,10033.6,28.34
COSTO00533,Administración,741,2424.98,3521.14,2178.63,27.0,8124.75,10.96
COSTO00534,Mantenimiento,731,2229.47,1183.55,2372.16,34.0,5785.18,7.91
COSTO00535,Producción A,887,3558.41,1969.59,354.17,29.0,5882.17,6.63
COSTO00536,Administración,832,1482.14,3944.46,471.59,32.0,5898.19,7.09
COSTO00537,Producción B,103,4774.83,3156.45,2367.37,38.0,10298.65,99.99
COSTO00538,Producción A,493,4038.55,400.52,1867.68,49.0,6306.75,12.79
COSTO00539,Mantenimiento,662,902.35,541.26,2219.19,29.0,3662.8,5.53
COSTO00540,Producción B,313,2379.11,2016.55,586.32,14.0,4981.98,15.92
COSTO00541,Mantenimiento,102,4456.03,3664.11,1510.21,18.0,9630.35,94.42
COSTO00542,Administración,621,4751.29,2293.2,1782.74,46.0,8827.23,14.21
COSTO00543,Administración,669,2603.31,2141.91,1732.27,34.0,6477.49,9.68
COSTO00544,Administración,54,3260.35,690.25,1079.56,,5030.16,93.15
COSTO00545,Servicios Generales,152,1251.65,2730.09,136.95,29.0,4118.69,27.1
COSTO00546,Mantenimiento,245,4960.26,3341.78,1499.02,18.0,9801.06,40.0
COSTO00547,Administración,823,,1707.55,707.44,39.0,3957.51,4.81
COSTO00548,Administración,926,4742.29,3169.76,1180.61,38.0,9092.66,9.82
COSTO00549,Mantenimiento,933,3423.41,3868.56,2398.19,14.0,9690.16,10.39
COSTO00550,Administración,399,3234.82,,1057.68,39.0,5346.44,13.4
COSTO00551,Mantenimiento,96,2807.1,2236.32,2115.52,15.0,7158.94,74.57
COSTO00552,Producción B,916,1538.01,1362.41,552.5,15.0,3452.92,3.77
COSTO00553,Mantenimiento,872,1294.38,,1713.91,25.0,6241.85,7.16
COSTO00554,Mantenimiento,985,1492.19,2437.1,2444.82,25.0,6374.11,6.47
COSTO00555,Servicios Generales,869,1338.97,2647.95,344.54,26.0,4331.46,4.98
COSTO00556,Producción B,705,,3252.28,119.97,49.0,7380.38,10.47
COSTO00557,Servicios Generales,318,2075.56,1765.09,1140.6,11.0,4981.25,15.66
COSTO00558,Administración,419,760.29,3685.83,322.3,21.0,4768.42,11.38
COSTO00559,Mantenimiento,685,4860.96,2272.21,1896.12,6.0,9029.29,13.18
COSTO00560,Producción B,155,4477.04,884.43,2294.92,16.0,7656.39,49.4
COSTO00561,Servicios Generales,719,4674.89,2874.83,1141.65,46.0,8691.37,12.09
COSTO00562,Mantenimiento,708,4977.09,3235.07,720.91,22.0,8933.07,12.62
COSTO00563,Producción A,706,1282.53,1472.02,1142.57,15.0,3897.12,5.52
COSTO00564,Servicios Generales,169,,3471.56,1836.27,20.0,7590.92,44.92
COSTO00565,Producción B,880,3912.07,3652.73,121.73,22.0,7686.53,8.73
COSTO00566,Servicios Generales,836,3632.09,1324.55,1514.69,39.0,6471.33,7.74
COSTO00567,Servicios Generales,653,1192.53,3939.03,1571.9,30.0,6703.46,10.27
COSTO00568,Servicios Generales,107,4171.25,820.63,1630.45,,6622.33,61.89
COSTO00569,Administración,395,1509.98,,680.85,,3238.29,8.2
COSTO00570,Producción A,790,,981.63,1813.73,48.0,4302.54,5.45
COSTO00571,Producción B,523,2916.38,,319.34,47.0,6843.48,13.09
COSTO00572,Producción B,166,3168.23,2720.88,578.25,46.0,6467.36,38.96
COSTO00573,Producción B,879,3110.39,862.79,2205.93,16.0,6179.11,7.03
COSTO00574,Mantenimiento,840,911.69,1929.2,1872.94,17.0,4713.83,5.61
COSTO00575,Producción B,176,4448.57,2576.6,132.99,8.0,7158.16,40.67
COSTO00576,Producción B,442,1695.2,608.82,696.1,43.0,3000.12,6.79
COSTO00577,Producción A,957,1082.82,3564.94,614.58,6.0,5262.34,5.5
COSTO00578,Mantenimiento,690,4499.37,3273.33,749.94,30.0,8522.64,12.35
COSTO00579,Mantenimiento,107,4800.43,2169.27,694.14,31.0,7663.84,71.62
COSTO00580,Servicios Generales,683,4379.57,3878.37,250.06,31.0,8508.0,12.46
COSTO00581,Administración,562,4142.82,1845.72,1201.46,19.0,7190.0,12.79
COSTO00582,Mantenimiento,800,3448.59,3941.21,1858.56,12.0,9248.36,11.56
COSTO00583,Mantenimiento,851,2978.86,2771.3,1556.16,,7306.32,8.59
COSTO00584,Producción A,145,,2648.28,1714.89,44.0,5254.61,36.24
COSTO00585,Producción B,687,2338.04,,294.76,16.0,3546.83,5.16
COSTO00586,Mantenimiento,167,2177.1,3563.13,2383.58,17.0,8123.81,48.65
COSTO00587,Mantenimiento,609,1668.89,1881.71,2112.38,47.0,5662.98,9.3
COSTO00588,Administración,650,3755.39,900.26,2032.22,21.0,6687.87,10.29
COSTO00589,Producción A,537,2731.44,346.65,2075.16,21.0,5153.25,9.6
COSTO00590,Administración,286,864.71,2371.1,2338.51,40.0,5574.32,19.49
COSTO00591,Mantenimiento,934,,2251.38,1406.21,25.0,5148.41,5.51
COSTO00592,Mantenimiento,946,3574.66,2961.61,580.68,12.0,7116.95,7.52
COSTO00593,Producción A,321,842.59,3593.95,1580.28,9.0,6016.82,18.74
COSTO00594,Servicios Generales,238,4330.43,593.8,1882.92,30.0,6807.15,28.6
COSTO00595,Servicios Generales,753,2728.16,3006.54,1871.0,20.0,7605.7,10.1
COSTO00596,Mantenimiento,496,2662.64,993.42,1351.48,40.0,5007.54,10.1
COSTO00597,Mantenimiento,630,3165.84,3475.26,264.3,32.0,6905.4,10.96
COSTO00598,Administración,839,4211.06,3330.54,990.67,33.0,8532.27,10.17
COSTO00599,Administración,910,2065.14,2300.94,2309.84,16.0,6675.92,7.34
COSTO00600,Administración,296,3551.07,2927.9,1502.68,41.0,7981.65,26.97
COSTO00601,Producción B,125,3045.79,1463.1,1392.0,34.0,5900.89,47.21
COSTO00602,Mantenimiento,203,1701.63,2043.32,745.25,27.0,4490.2,22.12
COSTO00603,Producción B,705,,3340.06,984.28,20.0,8778.17,12.45
COSTO00604,Servicios Generales,484,4088.42,1999.28,2248.83,18.0,8336.53,17.22
COSTO00605,Mantenimiento,135,3463.03,1623.85,1699.51,14.0,6786.39,50.27
COSTO00606,Mantenimiento,746,4327.62,2128.59,1989.73,11.0,8445.94,11.32
COSTO00607,Producción A,334,4402.82,3364.52,1190.43,49.0,8957.77,26.82
COSTO00608,Mantenimiento,269,3687.63,1540.27,1612.59,41.0,6840.49,25.43
COSTO00609,Servicios Generales,118,4266.56,942.92,696.12,33.0,5905.6,50.05
COSTO00610,Mantenimiento,96,3638.62,2934.45,1793.11,7.0,8366.18,87.15
COSTO00611,Producción B,143,3560.63,3356.12,1126.24,,8042.99,56.24
COSTO00612,Mantenimiento,799,3283.75,672.36,1162.11,40.0,5118.22,6.41
COSTO00613,Producción B,502,3887.22,1187.53,1658.37,23.0,6733.12,13.41
COSTO00614,Administración,253,1213.72,825.3,2347.07,17.0,4386.09,17.34
COSTO00615,Administración,961,4463.92,1587.38,253.62,46.0,6304.92,6.56
COSTO00616,Producción A,267,4423.3,1966.3,2079.38,25.0,8468.98,31.72
COSTO00617,Mantenimiento,523,631.61,,801.72,41.0,4503.99,8.61
COSTO00618,Administración,481,4216.18,2709.25,1165.41,31.0,8090.84,16.82
COSTO00619,Administración,390,1079.91,2597.44,152.59,33.0,3829.94,9.82
COSTO00620,Producción A,600,2008.03,1603.79,822.51,24.0,4434.33,7.39
COSTO00621,Producción A,661,3845.79,3413.36,1306.31,29.0,8565.46,12.96
COSTO00622,Mantenimiento,338,1223.42,2043.76,234.82,10.0,3502.0,10.36
COSTO00623,Producción B,303,4180.85,3922.69,1278.63,40.0,9382.17,30.96
COSTO00624,Mantenimiento,783,4244.6,2646.33,2325.07,6.0,9216.0,11.77
COSTO00625,Producción B,406,2783.6,767.18,352.94,26.0,3903.72,9.62
COSTO00626,Producción A,72,528.74,2801.86,1934.66,36.0,5265.26,73.13
COSTO00627,Servicios Generales,811,1791.67,1502.88,1083.21,20.0,4377.76,5.4
COSTO00628,Mantenimiento,571,3276.17,2839.41,1672.42,22.0,7788.0,13.64
COSTO00629,Servicios Generales,807,4915.34,557.67,724.57,9.0,6197.58,7.68
COSTO00630,Producción B,886,3343.16,947.06,482.78,40.0,4773.0,5.39
COSTO00631,Mantenimiento,149,1669.12,3466.23,485.11,34.0,5620.46,37.72
COSTO00632,Servicios Generales,851,3353.03,1140.56,269.18,49.0,4762.77,5.6
COSTO00633,Servicios Generales,229,2929.93,3397.05,545.55,23.0,6872.53,30.01
COSTO00634,Mantenimiento,272,,1333.32,1694.13,27.0,7036.75,25.87
COSTO00635,Servicios Generales,955,981.41,2678.66,2216.06,38.0,5876.13,6.15
COSTO00636,Mantenimiento,811,3924.63,2868.36,2053.9,,8846.89,10.91
COSTO00637,Servicios Generales,708,2935.7,2196.82,1744.32,47.0,6876.84,9.71
COSTO00638,Producción A,491,4833.46,1429.65,365.04,33.0,6628.15,13.5
COSTO00639,Mantenimiento,657,2038.42,1086.78,794.05,40.0,3919.25,5.97
COSTO00640,Producción A,818,3346.8,422.8,843.54,26.0,4613.14,5.64
COSTO00641,Administración,374,4694.13,1424.6,699.9,,6818.63,18.23
COSTO00642,Producción A,565,961.29,2716.7,1336.01,13.0,5014.0,8.87
COSTO00643,Servicios Generales,65,4717.53,3771.73,1385.33,43.0,9874.59,151.92
COSTO00644,Producción B,841,3595.49,,956.53,23.0,8075.48,9.6
COSTO00645,Producción A,385,805.27,3134.44,949.09,42.0,4888.8,12.7
COSTO00646,Producción A,808,1854.34,3217.26,2088.53,10.0,7160.13,8.86
COSTO00647,Producción A,307,3686.77,2760.44,1994.3,19.0,8441.51,27.5
COSTO00648,Producción B,546,803.08,12630.599999999999,838.71,24.0,2904.85,5.32
COSTO00649,Producción B,945,3119.77,3656.62,2293.09,13.0,9069.48,9.6
COSTO00650,Producción A,209,2056.47,2781.71,2386.76,36.0,7224.94,34.57
COSTO00651,Administración,524,,2373.63,884.18,8.0,6551.93,12.5
COSTO00652,Producción B,901,705.84,710.66,950.62,22.0,2367.12,2.63
COSTO00653,Producción B,713,4421.92,1954.11,1313.52,9.0,7689.55,10.78
COSTO00654,Producción B,957,4880.7,2003.33,2358.69,24.0,9242.72,9.66
COSTO00655,Mantenimiento,739,4859.95,3498.89,2203.17,,10562.01,14.29
COSTO00656,Producción A,724,3873.43,2322.6,346.16,15.0,6542.19,9.04
COSTO00657,Administración,429,1085.39,1707.48,1042.55,41.0,3835.42,8.94
COSTO00658,Producción B,594,3912.18,3914.16,1428.09,26.0,9254.43,15.58
COSTO00659,Mantenimiento,978,610.64,709.67,1307.52,8.0,2627.83,2.69
COSTO00660,Servicios Generales,740,599.56,1863.43,565.27,33.0,3028.26,4.09
COSTO00661,Servicios Generales,476,1956.25,455.49,2161.16,48.0,4572.9,9.61
COSTO00662,Producción B,662,21591.12,,1724.66,38.0,7461.2,11.27
COSTO00663,Administración,317,3966.83,3696.88,2110.98,17.0,9774.69,30.83
COSTO00664,Administración,884,3574.83,,2161.03,46.0,7072.0,8.0
COSTO00665,Producción A,626,2506.56,,1896.05,13.0,7878.47,12.59
COSTO00666,Producción B,466,1731.32,1381.21,1154.11,46.0,4266.64,9.16
COSTO00667,Servicios Generales,217,4987.06,3669.85,1565.31,35.0,10222.22,47.11
COSTO00668,Producción A,891,2417.82,3089.66,484.88,11.0,5992.36,6.73
COSTO00669,Administración,92,2531.24,3278.16,1716.75,8.0,7526.15,81.81
COSTO00670,Producción A,605,1236.31,366.62,530.21,,2133.14,3.53
COSTO00671,Servicios Generales,334,,3862.4,1765.48,46.0,9704.52,29.06
COSTO00672,Administración,446,3621.57,2988.68,651.04,34.0,7261.29,16.28
COSTO00673,Mantenimiento,61,1493.46,1427.58,382.12,35.0,3303.16,54.15
COSTO00674,Mantenimiento,656,870.71,3368.76,496.68,39.0,4736.15,7.22
COSTO00675,Producción B,351,3562.25,1341.63,104.78,25.0,5008.66,14.27
COSTO00676,Producción A,947,3445.3,3529.19,1824.98,35.0,8799.47,9.29
COSTO00677,Administración,302,1729.67,716.55,1857.76,23.0,4303.98,14.25
COSTO00678,Producción B,548,4778.89,,1335.84,35.0,9018.37,16.46
COSTO00679,Producción A,803,1179.76,2300.58,487.27,36.0,3967.61,4.94
COSTO00680,Servicios Generales,84,2445.51,657.18,300.53,6.0,3403.22,40.51
COSTO00681,Administración,776,,1195.01,145.91,14.0,6087.19,7.84
COSTO00682,Producción A,898,2388.77,345.89,497.8,6.0,3232.46,3.6
COSTO00683,Administración,139,3373.37,2034.44,2238.05,6.0,7645.86,55.01
COSTO00684,Producción A,825,2289.17,1414.68,679.69,28.0,4383.54,5.31
COSTO00685,Servicios Generales,654,1733.97,2513.92,950.25,21.0,5198.14,7.95
COSTO00686,Administración,971,4927.9,,352.83,36.0,6680.51,6.88
COSTO00687,Mantenimiento,651,2342.0,1409.7,633.67,20.0,4385.37,6.74
COSTO00688,Servicios Generales,467,,3049.81,1346.14,20.0,8919.4,19.1
COSTO00689,Producción A,164,1534.8,478.13,1558.61,43.0,3571.54,21.78
COSTO00690,Administración,666,1458.97,3640.71,688.85,,5788.53,8.69
COSTO00691,Servicios Generales,952,640.1,3453.38,238.56,47.0,4332.04,4.55
COSTO00692,Producción A,245,3432.5,2770.88,1038.48,28.0,7241.86,29.56
COSTO00693,Mantenimiento,875,2158.37,2494.92,662.09,5.0,5315.38,6.07
COSTO00694,Mantenimiento,550,4389.61,3601.52,626.93,15.0,8618.06,15.67
COSTO00695,Producción A,675,2629.44,985.72,2403.67,25.0,6018.83,8.92
COSTO00696,Mantenimiento,542,4856.87,592.19,1579.12,8.0,7028.18,12.97
COSTO00697,Servicios Generales,124,1334.86,1186.19,1436.51,11.0,3957.56,31.92
COSTO00698,Mantenimiento,462,4408.8,,1097.86,30.0,8746.6,18.93
COSTO00699,Producción B,425,3994.69,428.28,1129.47,16.0,5552.44,13.06
COSTO00700,Mantenimiento,469,3969.15,,1398.17,35.0,7823.71,16.68
COSTO00701,Producción B,778,4301.52,3983.12,1771.43,21.0,10056.07,12.93
COSTO00702,Administración,326,3924.61,3466.08,1785.15,37.0,9175.84,28.15
COSTO00703,Servicios Generales,810,3317.99,2229.35,512.07,15.0,6059.41,7.48
COSTO00704,Administración,725,1090.6,535.47,1300.27,,2926.34,4.04
COSTO00705,Administración,443,646.37,3376.08,1088.7,36.0,5111.15,11.54
COSTO00706,Mantenimiento,918,4643.82,2516.22,2189.26,5.0,9349.3,10.18
COSTO00707,Mantenimiento,506,26199.44,725.25,1615.41,32.0,5615.59,11.1
COSTO00708,Mantenimiento,969,4084.42,647.27,1378.01,46.0,6109.7,6.31
COSTO00709,Administración,241,2666.85,3665.62,376.95,11.0,6709.42,27.84
COSTO00710,Servicios Generales,788,1027.89,,1553.53,6.0,5357.46,6.8
COSTO00711,Servicios Generales,738,1063.34,3368.36,381.29,46.0,4812.99,6.52
COSTO00712,Producción B,148,3585.04,3552.22,909.3,28.0,8046.56,54.37
COSTO00713,Producción A,597,2436.38,2415.56,442.82,8.0,5294.76,8.87
COSTO00714,Servicios Generales,145,,2214.55,1760.98,48.0,5377.89,37.09
COSTO00715,Mantenimiento,713,2712.18,1892.58,595.01,23.0,5199.77,7.29
COSTO00716,Producción B,712,788.94,1472.7,1040.46,30.0,3302.1,4.64
COSTO00717,Mantenimiento,239,,1908.01,2249.62,15.0,7276.5,30.45
COSTO00718,Administración,785,1710.47,3163.35,590.36,44.0,5464.18,6.96
COSTO00719,Administración,86,4089.02,2527.12,1318.73,47.0,7934.87,92.27
COSTO00720,Mantenimiento,829,,3602.34,1106.25,15.0,6605.22,7.97
COSTO00721,Servicios Generales,418,2548.49,1940.51,143.5,49.0,4632.5,11.08
COSTO00722,Producción A,744,552.29,2546.23,2002.62,7.0,5101.14,6.86
COSTO00723,Mantenimiento,574,826.01,2635.84,265.71,16.0,3727.56,6.49
COSTO00724,Servicios Generales,328,2266.22,2489.28,1238.21,7.0,5993.71,18.27
COSTO00725,Producción B,266,2659.72,2899.74,1445.63,46.0,7005.09,26.33
COSTO00726,Mantenimiento,916,3200.09,1178.5,1608.22,31.0,5986.81,6.54
COSTO00727,Producción B,922,1812.48,2195.75,1752.72,6.0,5760.95,6.25
COSTO00728,Servicios Generales,847,3627.42,685.63,707.85,20.0,5020.9,5.93
COSTO00729,Servicios Generales,322,4370.55,1722.69,123.95,6.0,6217.19,19.31
COSTO00730,Servicios Generales,930,4009.33,2104.37,1836.26,34.0,7949.96,8.55
COSTO00731,Servicios Generales,111,678.28,2713.23,1385.58,24.0,4777.09,43.04
COSTO00732,Administración,645,2662.28,3816.96,2106.68,42.0,8585.92,13.31
COSTO00733,Servicios Generales,929,972.19,2522.41,2071.33,32.0,5565.93,5.99
COSTO00734,Administración,778,1589.2,3051.3,2123.98,29.0,6764.48,8.69
COSTO00735,Producción A,391,4939.98,2173.18,1264.23,36.0,8377.39,21.43
COSTO00736,Administración,446,1141.23,2646.18,900.71,14.0,4688.12,10.51
COSTO00737,Producción B,748,2745.0,562.45,1999.74,46.0,5307.19,7.1
COSTO00738,Producción A,68,3281.7,1241.25,1183.11,44.0,5706.06,83.91
COSTO00739,Producción B,226,3661.09,1638.86,540.26,37.0,5840.21,25.84
COSTO00740,Mantenimiento,661,3018.42,2048.23,2151.94,17.0,7218.59,10.92
COSTO00741,Mantenimiento,445,543.97,468.9,2218.14,45.0,3231.01,7.26
COSTO00742,Administración,494,1969.08,818.09,1219.14,46.0,4006.31,8.11
COSTO00743,Producción B,282,,1324.21,281.68,41.0,4435.59,15.73
COSTO00744,Mantenimiento,964,895.4,3894.67,1030.78,20.0,5820.85,6.04
COSTO00745,Mantenimiento,125,2077.82,1525.98,2028.49,49.0,5632.29,45.06
COSTO00746,Mantenimiento,314,649.41,2083.55,2264.26,26.0,4997.22,15.91
COSTO00747,Producción A,504,853.6,1025.56,588.33,24.0,2467.49,4.9
COSTO00748,Producción A,845,2286.15,2559.89,260.74,47.0,5106.78,6.04
COSTO00749,Servicios Generales,767,1097.22,1338.53,2205.64,31.0,4641.39,6.05
COSTO00750,Producción B,784,3053.93,1065.87,1034.57,45.0,5154.37,6.57
COSTO00751,Mantenimiento,433,3602.59,,1400.23,20.0,7214.14,16.66
COSTO00752,Producción B,613,4102.64,320.37,2423.36,38.0,6846.37,11.17
COSTO00753,Servicios Generales,900,1400.68,328.36,259.76,36.0,1988.8,2.21
COSTO00754,Administración,555,1253.67,1110.55,1655.96,30.0,4020.18,7.24
COSTO00755,Servicios Generales,416,970.56,,277.85,29.0,1684.28,4.05
COSTO00756,Mantenimiento,193,3363.94,699.7,1001.13,6.0,5064.77,26.24
COSTO00757,Administración,934,3679.14,1553.78,2029.15,16.0,7262.07,7.78
COSTO00758,Administración,118,642.14,3269.57,1140.33,44.0,5052.04,42.81
COSTO00759,Servicios Generales,148,4712.96,2416.58,2493.24,13.0,9622.78,65.02
COSTO00760,Mantenimiento,445,733.87,21968.699999999997,1441.74,16.0,4372.48,9.83
COSTO00761,Administración,74,2935.83,1385.91,870.79,30.0,5192.53,70.17
COSTO00762,Servicios Generales,997,3690.77,3747.49,628.27,13.0,8066.53,8.09
COSTO00763,Servicios Generales,940,4419.36,1768.96,941.25,14.0,7129.57,7.58
COSTO00764,Mantenimiento,518,,622.24,994.08,36.0,5329.71,10.29
COSTO00765,Servicios Generales,533,4107.78,2583.15,264.91,38.0,6955.84,13.05
COSTO00766,Servicios Generales,614,2027.53,721.2,986.98,24.0,3735.71,6.08
COSTO00767,Servicios Generales,200,4166.71,1577.33,1214.17,43.0,6958.21,34.79
COSTO00768,Producción B,193,860.52,2177.42,1834.57,6.0,4872.51,25.25
COSTO00769,Producción A,618,,3534.62,1676.15,5.0,9737.44,15.76
COSTO00770,Producción B,88,2964.17,2126.12,1801.04,40.0,6891.33,78.31
COSTO00771,Servicios Generales,158,4177.84,2898.36,120.07,28.0,7196.27,45.55
COSTO00772,Producción A,742,2535.43,3973.42,622.4,31.0,7131.25,9.61
COSTO00773,Administración,91,3396.1,786.51,1688.04,6.0,5870.65,64.51
COSTO00774,Producción B,235,2868.81,1316.51,1261.57,35.0,5446.89,23.18
COSTO00775,Producción B,984,3792.15,1759.93,112.75,18.0,5664.83,5.76
COSTO00776,Producción B,447,867.33,1860.76,2030.79,6.0,4758.88,10.65
COSTO00777,Mantenimiento,272,771.58,1820.78,1954.74,33.0,4547.1,16.72
COSTO00778,Servicios Generales,683,1611.96,3658.16,1416.21,19.0,6686.33,9.79
COSTO00779,Administración,182,1217.95,2941.92,259.51,16.0,4419.38,24.28
COSTO00780,Administración,212,4423.03,2549.25,1939.64,41.0,8911.92,42.04
COSTO00781,Administración,264,1486.46,1444.68,1500.91,32.0,4432.05,16.79
COSTO00782,Servicios Generales,782,4891.39,3348.02,1976.7,24.0,10216.11,13.06
COSTO00783,Producción A,284,2016.03,3833.72,1904.19,43.0,7753.94,27.3
COSTO00784,Producción B,892,1319.53,3338.43,2027.2,28.0,6685.16,7.49
COSTO00785,Servicios Generales,707,4053.64,305.79,1343.22,25.0,5702.65,8.07
COSTO00786,Producción B,800,3464.18,2654.69,436.78,14.0,6555.65,8.19
COSTO00787,Servicios Generales,637,2741.88,489.2,1710.78,18.0,4941.86,7.76
COSTO00788,Producción B,58,2999.14,1253.15,1589.14,41.0,5841.43,100.71
COSTO00789,Servicios Generales,123,3736.41,520.24,1881.41,22.0,6138.06,49.9
COSTO00790,Producción A,541,1528.05,2534.04,507.71,28.0,4569.8,8.45
COSTO00791,Administración,962,4983.5,2840.38,567.94,,8391.82,8.72
COSTO00792,Producción B,302,4886.57,723.6,2236.98,38.0,7847.15,25.98
COSTO00793,Servicios Generales,279,3426.47,1720.2,1899.95,16.0,7046.62,25.26
COSTO00794,Producción A,568,1397.94,,2279.75,,5665.77,9.97
COSTO00795,Producción A,223,3561.03,1665.5,1920.92,10.0,7147.45,32.05
COSTO00796,Administración,702,824.89,747.79,1533.17,40.0,3105.85,4.42
COSTO00797,Servicios Generales,217,637.94,,1669.92,49.0,4157.97,19.16
COSTO00798,Producción B,219,1659.57,3079.36,2233.91,40.0,6972.84,31.84
COSTO00799,Mantenimiento,442,2581.8,562.73,1489.14,26.0,4633.67,10.48
COSTO00800,Producción A,995,4407.23,596.67,1617.74,18.0,6621.64,6.65
COSTO00801,Producción A,844,3772.26,1612.65,475.54,20.0,5860.45,6.94
COSTO00802,Administración,683,3842.18,3784.39,1237.41,40.0,8863.98,12.98
COSTO00803,Servicios Generales,243,2414.72,2773.72,1819.35,29.0,7007.79,28.84
COSTO00804,Mantenimiento,566,2056.71,2811.08,750.26,36.0,5618.05,9.93
COSTO00805,Mantenimiento,78,2169.67,1639.1,585.41,37.0,4394.18,56.34
COSTO00806,Mantenimiento,214,,2496.54,853.18,49.0,8294.14,38.76
COSTO00807,Servicios Generales,471,680.49,,679.6,40.0,1697.58,3.6
COSTO00808,Producción B,388,4401.64,2653.56,615.79,24.0,7670.99,19.77
COSTO00809,Producción A,697,3104.04,3679.16,1119.64,22.0,7902.84,11.34
COSTO00810,Servicios Generales,545,2473.77,,2278.81,42.0,7319.1,13.43
COSTO00811,Mantenimiento,414,3763.66,3532.68,1316.94,7.0,8613.28,20.81
COSTO00812,Producción A,882,2690.01,2978.7,551.01,27.0,6219.72,7.05
COSTO00813,Producción A,391,4430.4,746.07,284.73,36.0,5461.2,13.97
COSTO00814,Mantenimiento,549,4553.16,3639.08,1770.77,49.0,9963.01,18.15
COSTO00815,Mantenimiento,706,2397.74,545.84,1018.72,20.0,3962.3,5.61
COSTO00816,Producción A,560,1745.73,2275.68,2072.39,9.0,6093.8,10.88
COSTO00817,Administración,376,3165.58,825.91,1682.83,8.0,5674.32,15.09
COSTO00818,Producción A,266,4605.64,343.31,2010.98,,6959.93,26.17
COSTO00819,Producción B,350,1447.98,1861.53,752.67,44.0,4062.18,11.61
COSTO00820,Producción B,181,3303.35,1391.65,1761.66,18.0,6456.66,35.67
COSTO00821,Administración,853,3342.02,2098.2,733.75,43.0,6173.97,7.24
COSTO00822,Servicios Generales,119,3799.01,2435.64,2353.76,35.0,8588.41,72.17
COSTO00823,Producción A,301,1092.05,461.83,1627.3,18.0,3181.18,10.57
COSTO00824,Producción B,464,3721.21,,878.83,10.0,5355.15,11.54
COSTO00825,Producción A,836,4590.65,2366.98,746.83,16.0,7704.46,9.22
COSTO00826,Administración,494,1308.57,1569.72,558.22,20.0,3436.51,6.96
COSTO00827,Mantenimiento,925,1568.94,2997.94,1767.14,21.0,6334.02,6.85
COSTO00828,Administración,231,4871.28,2713.48,624.92,49.0,8209.68,35.54
COSTO00829,Administración,216,1314.4,3428.74,1528.73,27.0,6271.87,29.04
COSTO00830,Administración,140,4344.73,2862.22,735.12,18.0,7942.07,56.73
COSTO00831,Producción B,763,2715.25,1890.74,1688.73,11.0,6294.72,8.25
COSTO00832,Administración,907,1612.54,2789.98,2055.86,36.0,6458.38,7.12
COSTO00833,Mantenimiento,580,4418.37,1318.91,1967.26,19.0,7704.54,13.28
COSTO00834,Mantenimiento,88,2503.87,1433.36,1926.04,48.0,5863.27,66.63
COSTO00835,Mantenimiento,175,2816.68,3219.25,550.53,21.0,6586.46,37.64
COSTO00836,Servicios Generales,500,,1951.75,312.12,,4380.42,8.76
COSTO00837,Administración,222,3168.28,3254.01,1777.48,48.0,8199.77,36.94
COSTO00838,Mantenimiento,702,1235.86,3342.96,984.03,38.0,5562.85,7.92
COSTO00839,Servicios Generales,803,2259.87,3472.98,1137.63,9.0,6870.48,8.56
COSTO00840,Administración,269,4862.36,3691.55,174.76,49.0,8728.67,32.45
COSTO00841,Administración,687,1661.6,1894.65,722.98,,4279.23,6.23
COSTO00842,Producción A,107,3455.31,1479.81,180.82,27.0,5115.94,47.81
COSTO00843,Administración,709,1963.36,2454.14,2210.05,44.0,6627.55,9.35
COSTO00844,Producción A,525,3980.63,1673.34,684.15,18.0,6338.12,12.07
COSTO00845,Producción B,505,1088.93,2523.97,1437.61,19.0,5050.51,10.0
COSTO00846,Producción B,878,4864.19,2910.67,193.55,47.0,7968.41,9.08
COSTO00847,Servicios Generales,944,2542.05,2847.1,1700.43,37.0,7089.58,7.51
COSTO00848,Producción A,410,1562.23,1685.85,875.27,35.0,4123.35,10.06
COSTO00849,Producción B,984,830.74,917.38,2255.01,39.0,4003.13,4.07
COSTO00850,Producción B,50,1263.91,1892.96,2231.48,21.0,5388.35,107.77
COSTO00851,Producción B,436,2838.98,827.6,880.7,32.0,4547.28,10.43
COSTO00852,Administración,397,2016.51,3593.36,2262.31,23.0,7872.18,19.83
COSTO00853,Producción A,239,4229.98,1579.75,2490.78,27.0,8300.51,34.73
COSTO00854,Producción B,554,2438.99,,2081.0,36.0,5391.49,9.73
COSTO00855,Producción A,240,,394.16,2127.69,44.0,4141.06,17.25
COSTO00856,Mantenimiento,557,3277.15,2689.54,697.62,17.0,6664.31,11.96
COSTO00857,Mantenimiento,418,3680.5,2656.54,1484.09,24.0,7821.13,18.71
COSTO00858,Administración,458,1251.69,15602.4,261.41,39.0,3073.34,6.71
COSTO00859,Mantenimiento,873,1254.29,565.33,327.8,9.0,2147.42,2.46
COSTO00860,Servicios Generales,978,665.02,1815.63,2497.34,13.0,4977.99,5.09
COSTO00861,Producción A,983,3813.81,1451.5,883.93,33.0,6149.24,6.26
COSTO00862,Producción B,166,3487.12,2805.35,1895.64,10.0,8188.11,49.33
COSTO00863,Servicios Generales,183,2635.84,2541.38,2036.0,29.0,7213.22,39.42
COSTO00864,Servicios Generales,107,4298.77,1649.0,2159.26,35.0,8107.03,75.77
COSTO00865,Mantenimiento,605,4125.52,1106.2,2494.31,26.0,7726.03,12.77
COSTO00866,Producción A,734,3134.09,3955.73,679.59,6.0,7769.41,10.59
COSTO00867,Producción B,721,4407.22,1979.81,196.84,49.0,6583.87,9.13
COSTO00868,Servicios Generales,222,1426.29,2846.61,1086.86,,5359.76,24.14
COSTO00869,Administración,878,1003.64,,412.19,31.0,2235.88,2.55
COSTO00870,Producción B,864,1713.87,2096.68,153.82,29.0,3964.37,4.59
COSTO00871,Mantenimiento,198,756.89,4018.8999999999996,965.02,12.0,2123.8,10.73
COSTO00872,Producción A,129,2890.26,2170.18,1980.97,5.0,7041.41,54.58
COSTO00873,Administración,935,4714.73,3866.86,1458.83,24.0,10040.42,10.74
COSTO00874,Producción B,262,677.05,1721.56,850.67,48.0,3249.28,12.4
COSTO00875,Producción B,252,1049.49,444.29,1670.42,27.0,3164.2,12.56
COSTO00876,Servicios Generales,813,2534.9,414.54,656.84,36.0,3606.28,4.44
COSTO00877,Producción B,278,,1735.55,134.52,15.0,6572.51,23.64
COSTO00878,Producción A,725,1922.7,892.09,1934.45,43.0,4749.24,6.55
COSTO00879,Producción A,276,2782.56,386.4,1596.98,28.0,4765.94,17.27
COSTO00880,Producción B,708,687.08,3097.99,1929.53,15.0,5714.6,8.07
COSTO00881,Servicios Generales,581,1167.54,1996.54,193.45,33.0,3357.53,5.78
COSTO00882,Administración,490,4939.84,1370.21,2109.09,30.0,8419.14,17.18
COSTO00883,Administración,451,4843.03,3630.31,1586.86,20.0,10060.2,22.31
COSTO00884,Servicios Generales,96,522.23,729.71,1452.15,39.0,2704.09,28.17
COSTO00885,Mantenimiento,282,,3836.9,1599.07,24.0,10219.12,36.24
COSTO00886,Producción A,354,3376.04,1461.68,2174.64,7.0,7012.36,19.81
COSTO00887,Mantenimiento,575,4405.63,3587.09,1508.65,5.0,9501.37,16.52
COSTO00888,Servicios Generales,192,2546.33,2530.89,1494.28,,6571.5,34.23
COSTO00889,Mantenimiento,464,2820.18,3358.82,2477.63,21.0,8656.63,18.66
COSTO00890,Servicios Generales,562,2699.81,3940.85,1916.15,6.0,8556.81,15.23
COSTO00891,Administración,422,3500.89,1367.1,1161.51,33.0,6029.5,14.29
COSTO00892,Administración,615,,3856.2,1797.75,24.0,6782.38,11.03
COSTO00893,Mantenimiento,935,634.88,1741.08,1034.15,10.0,3410.11,3.65
COSTO00894,Mantenimiento,308,1885.68,1726.39,649.3,12.0,4261.37,13.84
COSTO00895,Producción A,705,3671.06,1559.43,1532.44,33.0,6762.93,9.59
COSTO00896,Administración,520,1408.34,2303.21,2327.64,37.0,6039.19,11.61
COSTO00897,Producción A,61,,870.34,2329.93,7.0,6730.72,110.34
COSTO00898,Mantenimiento,379,4864.6,2348.73,920.57,39.0,8133.9,21.46
COSTO00899,Servicios Generales,785,922.55,2304.31,1366.43,9.0,4593.29,5.85
COSTO00900,Administración,833,3526.71,3119.04,607.93,31.0,7253.68,8.71
COSTO00901,Servicios Generales,407,2496.88,3384.5,2489.51,48.0,8370.89,20.57
COSTO00902,Producción A,457,4406.64,1929.63,2454.68,16.0,8790.95,19.24
COSTO00903,Producción A,717,1297.17,1418.63,1658.82,24.0,4374.62,6.1
COSTO00904,Producción B,422,3616.82,1259.54,2030.59,49.0,6906.95,16.37
COSTO00905,Administración,57,4271.52,1020.11,1816.24,,7107.87,124.7
COSTO00906,Administración,171,4750.76,513.3,1523.58,13.0,6787.64,39.69
COSTO00907,Producción A,397,3574.62,1567.06,228.04,,5369.72,13.53
COSTO00908,Servicios Generales,725,2737.29,1299.92,1191.43,8.0,5228.64,7.21
COSTO00909,Administración,139,3280.31,3875.74,1719.49,23.0,8875.54,63.85
COSTO00910,Producción A,697,4410.07,2363.52,1726.08,42.0,8499.67,12.19
COSTO00911,Producción B,747,3067.74,1584.93,995.49,31.0,5648.16,7.56
COSTO00912,Mantenimiento,365,636.74,2447.73,2360.06,49.0,5444.53,14.92
COSTO00913,Administración,227,4689.27,815.03,501.66,47.0,6005.96,26.46
COSTO00914,Mantenimiento,589,3602.87,1942.96,1300.86,17.0,6846.69,11.62
COSTO00915,Servicios Generales,781,3544.31,2617.07,1758.12,17.0,7919.5,10.14
COSTO00916,Producción B,918,1470.54,2108.92,1773.13,26.0,5352.59,5.83
COSTO00917,Administración,90,3464.98,1786.58,1656.73,32.0,6908.29,76.76
COSTO00918,Mantenimiento,789,2272.39,3977.24,760.69,49.0,7010.32,8.89
COSTO00919,Mantenimiento,753,3430.55,3557.16,474.9,,7462.61,9.91
COSTO00920,Producción A,972,7837.36,2606.6,1626.26,47.0,5212.53,5.36
COSTO00921,Mantenimiento,551,3460.3,2406.7,1538.33,23.0,7405.33,13.44
COSTO00922,Servicios Generales,194,4997.36,2596.44,530.45,12.0,8124.25,41.88
COSTO00923,Mantenimiento,250,,1044.85,1792.33,12.0,3554.13,14.22
COSTO00924,Servicios Generales,978,4897.28,17620.1,1192.41,46.0,7851.7,8.03
COSTO00925,Servicios Generales,773,2331.09,446.0,1702.63,30.0,4479.72,5.8
COSTO00926,Producción A,510,4418.39,2059.52,2109.68,,8587.59,16.84
COSTO00927,Producción B,781,4020.73,2309.19,507.35,27.0,6837.27,8.75
COSTO00928,Servicios Generales,801,3051.57,1142.67,145.95,47.0,4340.19,5.42
COSTO00929,Mantenimiento,974,3823.02,3866.91,1969.85,17.0,9659.78,9.92
COSTO00930,Mantenimiento,958,4453.32,3664.98,1563.27,32.0,9681.57,10.11
COSTO00931,Servicios Generales,607,2318.63,2971.93,1779.13,13.0,7069.69,11.65
COSTO00932,Mantenimiento,596,1971.65,2273.53,2111.57,24.0,6356.75,10.67
COSTO00933,Administración,302,3504.17,3518.89,2026.75,23.0,9049.81,29.97
COSTO00934,Producción A,439,4135.31,783.41,2406.21,43.0,7324.93,16.69
COSTO00935,Mantenimiento,643,3930.28,3224.89,1386.24,16.0,8541.41,13.28
COSTO00936,Producción A,932,4090.16,761.84,1272.39,,6124.39,6.57
COSTO00937,Servicios Generales,305,2460.12,3238.58,1064.53,35.0,6763.23,22.17
COSTO00938,Servicios Generales,758,4180.25,1320.34,468.86,18.0,5969.45,7.88
COSTO00939,Servicios Generales,864,1040.94,3545.24,1474.26,15.0,6060.44,7.01
COSTO00940,Producción A,970,2950.2,,764.83,30.0,7507.99,7.74
COSTO00941,Mantenimiento,499,525.91,850.55,2311.14,46.0,3687.6,7.39
COSTO00942,Administración,59,1960.64,2011.9,1499.66,31.0,5472.2,92.75
COSTO00943,Producción A,873,2149.08,3929.65,1522.82,15.0,7601.55,8.71
COSTO00944,Administración,847,2282.78,2088.61,951.82,42.0,5323.21,6.28
COSTO00945,Mantenimiento,291,3629.6,3495.13,224.77,38.0,7349.5,25.26
COSTO00946,Mantenimiento,300,2248.51,2478.31,176.19,47.0,4903.01,16.34
COSTO00947,Producción A,926,2519.12,1688.72,1116.0,23.0,5323.84,5.75
COSTO00948,Producción B,54,1568.95,1357.4,302.96,10.0,3229.31,59.8
COSTO00949,Administración,168,2179.63,1051.93,1556.43,42.0,4787.99,28.5
COSTO00950,Servicios Generales,850,1522.71,3118.65,2214.34,46.0,6855.7,8.07
COSTO00951,Administración,423,829.38,1730.2,2219.0,32.0,4778.58,11.3
COSTO00952,Mantenimiento,114,3215.52,2191.72,1681.71,5.0,7088.95,62.18
COSTO00953,Mantenimiento,195,3506.96,2121.6,606.96,39.0,6235.52,31.98
COSTO00954,Producción A,273,3287.71,2435.93,2171.19,,7894.83,28.92
COSTO00955,Producción B,288,2585.72,3502.64,2226.62,12.0,8314.98,28.87
COSTO00956,Servicios Generales,226,2209.04,3928.74,571.97,11.0,6709.75,29.69
COSTO00957,Administración,828,4385.0,1808.06,1869.82,15.0,8062.88,9.74
COSTO00958,Producción B,902,2835.87,3361.82,787.65,43.0,6985.34,7.74
COSTO00959,Servicios Generales,331,2656.32,3128.75,2026.34,8.0,7811.41,23.6
COSTO00960,Mantenimiento,112,615.39,2422.06,2493.37,29.0,5530.82,49.38
COSTO00961,Mantenimiento,266,2035.62,3837.37,172.06,16.0,6045.05,22.73
COSTO00962,Producción A,903,2210.88,1041.76,2253.68,30.0,5506.32,6.1
COSTO00963,Producción A,876,2294.7,704.28,1594.31,42.0,4593.29,5.24
COSTO00964,Administración,844,3110.78,3459.66,2436.12,16.0,9006.56,10.67
COSTO00965,Producción B,738,2901.21,1924.85,1216.02,47.0,6042.08,8.19
COSTO00966,Producción B,510,25884.56,34337.8,2133.73,41.0,8803.08,17.26
COSTO00967,Servicios Generales,978,3941.97,3604.43,249.75,28.0,7796.15,7.97
COSTO00968,Administración,659,4158.44,531.09,904.67,20.0,5594.2,8.49
COSTO00969,Producción A,154,3731.55,3568.82,260.84,17.0,7561.21,49.1
COSTO00970,Administración,148,4799.86,1958.78,2440.82,29.0,9199.46,62.16
COSTO00971,Mantenimiento,560,582.05,2188.6,2060.74,,4831.39,8.63
COSTO00972,Producción A,434,1381.0,,2146.11,15.0,6145.5,14.16
COSTO00973,Producción B,454,534.03,3727.62,2351.12,36.0,6612.77,14.57
COSTO00974,Producción A,872,3413.64,370.73,304.25,11.0,4088.62,4.69
COSTO00975,Mantenimiento,567,4541.14,2064.32,1025.43,15.0,7630.89,13.46
COSTO00976,Producción A,525,1595.67,2844.57,270.48,32.0,4710.72,8.97
COSTO00977,Producción B,758,4671.66,2974.02,605.9,45.0,8251.58,10.89
COSTO00978,Mantenimiento,912,771.2,2862.37,650.48,27.0,4284.05,4.7
COSTO00979,Servicios Generales,694,4704.96,797.41,1225.86,49.0,6728.23,9.69
COSTO00980,Administración,919,2082.3,1407.76,744.55,27.0,4234.61,4.61
COSTO00981,Servicios Generales,820,956.39,16272.5,342.35,32.0,2925.99,3.57
COSTO00982,Mantenimiento,486,2686.42,3276.42,501.98,47.0,6464.82,13.3
COSTO00983,Mantenimiento,72,1655.49,1331.41,453.46,30.0,3440.36,47.78
COSTO00984,Mantenimiento,614,1781.93,1079.61,2435.38,29.0,5296.92,8.63
COSTO00985,Producción B,726,1882.8,3842.56,1922.3,33.0,7647.66,10.53
COSTO00986,Mantenimiento,763,4113.62,332.79,2422.63,23.0,6869.04,9.0
COSTO00987,Administración,507,2926.23,3991.94,1155.38,37.0,8073.55,15.92
COSTO00988,Producción B,132,1900.88,2804.24,768.08,40.0,5473.2,41.46
COSTO00989,Mantenimiento,194,3246.5,3365.34,2015.9,18.0,8627.74,44.47
COSTO00990,Producción B,134,3722.68,1390.09,883.01,18.0,5995.78,44.74
COSTO00991,Administración,127,1726.81,352.97,818.52,39.0,2898.3,22.82
COSTO00992,Administración,506,2360.97,3030.12,658.01,34.0,6049.1,11.95
COSTO00993,Producción B,927,1048.49,3386.34,411.23,32.0,4846.06,5.23
COSTO00994,Producción A,50,1315.17,3039.76,715.51,,5070.44,101.41
COSTO00995,Servicios Generales,100,3565.03,8285.5,952.77,7.0,5346.35,53.46
COSTO00996,Mantenimiento,734,1316.47,3087.68,1717.59,20.0,6121.74,8.34
COSTO00997,Servicios Generales,766,2863.24,3145.01,250.16,34.0,6258.41,8.17
COSTO00998,Administración,821,3690.71,2736.6,605.22,33.0,7032.53,8.57
COSTO00999,Servicios Generales,495,980.95,3134.63,2041.66,49.0,6157.24,12.44
COSTO01000,Producción A,498,3052.9,,452.61,19.0,6935.42,13.93
COSTO00699,Producción B,425,3994.69,428.28,1129.47,16.0,5552.44,13.06
COSTO00578,Mantenimiento,690,4499.37,3273.33,749.94,30.0,8522.64,12.35
COSTO00764,Mantenimiento,518,,622.24,994.08,36.0,5329.71,10.29
COSTO00791,Administración,962,4983.5,2840.38,567.94,,8391.82,8.72
COSTO00521,Administración,903,2379.95,1999.19,1596.76,13.0,5975.9,6.62
COSTO00826,Administración,494,1308.57,1569.72,558.22,20.0,3436.51,6.96
COSTO00959,Servicios Generales,331,2656.32,3128.75,2026.34,8.0,7811.41,23.6
COSTO00997,Servicios Generales,766,2863.24,3145.01,250.16,34.0,6258.41,8.17
COSTO00818,Producción A,266,4605.64,343.31,2010.98,,6959.93,26.17
COSTO00153,Administración,82,3247.79,552.24,1345.68,25.0,5145.71,62.75
